Artifact.ID,Frag+AF8-Cat,Complete,Length,Max.Length,Width,Prox.Width,Dist.Width,Prox.Thick,Mid.Thick,Dist.Thick,Plane.Height,Platform.Morph,Platform.x,Platform.y,Platform.z,Platform.Profile,Platform.Preparation,Cortex,Cortex+AF8-Loc,No.Scars,Long.Ridges,Trans.Section,Termination.type,Flake.Type,Weight,EPA,IPA,Angle.1.1,Angle.1.2,Angle.1.3,Angle.2.1,Angle.2.2,Angle.2.3,Angle.3.1,Angle.3.2,Angle.3.3,Mean.Left.Edge,Mean.Right.Edge,Mean.Edge.Angle.Selected.ret,Max.Thick.mm
ML+AF8-IR+AF8-201,C,Y,63.8,71.1,48.5,37,29.4,8.3,9.3,7.8,11.1,Ellipse,18.6,4.9,NA,CX,L,5,5,4,0,Triangular,Feather,Flake,28.74,74,115,39,35,39,NA,35,NA,35,36,33,37.67,34.67,34.67,9.3
ML+AF8-IR+AF8-202,C,Y,62.6,62.6,43.6,35.5,24.8,13.3,11.2,7.3,12.5,Trapezoid,16.9,25.4,9.5,CX,MF,5,5,3,0,Triangular,Feather,Flake,31.69,72,113,66,39,40,NA,37,NA,36,34,30,48.33,33.33,33.33,11.2
ML+AF8-IR+AF8-203,C,Y,85.6,87.8,66.4,51,56,17,16.8,16,20.7,Trapezoid,10.7,21,6.3,CX,L,4,3,2,0,Triangular,Plunging,Flake,88.65,79,109,60,45,45,NA,77,NA,42,25,31,50,32.67,32.67,16.8
ML+AF8-IR+AF8-204,C,Y,78.2,78.2,54.5,47.4,33.5,20.4,19,15.3,22.7,Triangular,42.5,16.3,NA,CX,L,3,2,3,0,Trapezoidal,Feather,Flake,95.66,75,109,68,80,90,NA,90,NA,72,59,48,79.33,59.67,59.67,19
ML+AF8-IR+AF8-205,C,Y,62.5,62.5,51.7,39.6,37.4,13.6,15.9,9.7,16.2,Trapezoid,15.5,22.4,9.8,RT,L,5,5,4,0,Triangular,Feather,Backed Flake,42.44,77,109,NA,NA,NA,NA,42,NA,30,28,25,+ACM-DIV/0+ACE-,27.67,27.67,15.9
ML+AF8-IR+AF8-206,C,Y,66.7,66.7,56.3,32.3,50.4,18.1,24,4.8,25.1,Triangular,25.1,13.3,NA,CX,MF,5,5,2,0,Triangular Asymmetric,Feather,Backed Flake,50.93,79,106,NA,NA,NA,NA,30,NA,42,52,41,+ACM-DIV/0+ACE-,45,45,24
ML+AF8-IR+AF8-207,C,Y,72.2,74.1,37.7,33.5,27.3,13.4,11.8,9.7,12.9,Triangular,32.9,10.3,NA,BF,D,4,3,2,0,Triangular,Feather,Flake,36.46,70,110,50,47,55,NA,80,NA,44,40,40,50.67,41.33,41.33,11.8
ML+AF8-IR+AF8-208,C,Y,70.9,70.9,43.4,36.1,30.6,9.8,12,6.9,16.7,Ellipse,21.8,10.5,NA,CX,L,5,5,4,0,Triangular Asymmetric,Feather,Backed Flake,35.34,68,115,NA,NA,NA,NA,20,NA,61,56,30,+ACM-DIV/0+ACE-,49,49,12
ML+AF8-IR+AF8-209,C,Y,68.5,68.5,66.8,50.4,63.8,19.8,23.1,8.3,23.4,Trapezoid,24.5,38.4,10.6,CX,L,3,2,2,0,Triangular Asymmetric,Feather,Flake,78.7,70,111,NA,NA,NA,NA,63,NA,38,30,30,+ACM-DIV/0+ACE-,32.67,32.67,23.1
ML+AF8-IR+AF8-210,C,Y,103.7,103.7,52.8,42.4,28,17.4,19,12.2,21.2,Ellipse,13.9,7.2,NA,RT,L,2,2,1,0,Triangular,Feather,Flake,81.7,80,99,60,64,50,NA,50,NA,55,51,67,58,57.67,57.67,19
ML+AF8-IR+AF8-136,C,Y,56.3,56.3,46.8,35.3,18,12.4,9.8,8.5,11.1,Rhombus,13.9,7.2,NA,RT,L,4,3,3,0,Triangular Asymmetric,Feather,Backed Flake,23.35,79,104,NA,NA,NA,NA,65,NA,60,38,42,+ACM-DIV/0+ACE-,46.67,46.67,12.4
ML+AF8-IR+AF8-137,C,Y,94.3,94.3,74.4,38,60.1,19.3,25.5,6,25.9,Trapezoid,16.6,27,12.2,RT,L,2,2,2,0,Triangular Asymmetric,Feather,Backed Flake,110.35,70,112,NA,NA,NA,NA,26,NA,40,76,34,+ACM-DIV/0+ACE-,50,50,25.5
ML+AF8-IR+AF8-138,C,Y,44.2,44.2,37,31.2,35.6,19.9,14.5,9.2,14.6,Trapezoid,29.3,21.1,13.1,CX,C,4,3,3,0,Triangular,Feather,Flake,22.27,75,97,59,45,35,NA,36,NA,58,41,28,46.33,42.33,42.33,19.9
ML+AF8-IR+AF8-139,C,Y,62.6,62.6,46.1,24.5,45.8,13,12.3,13,14.1,Triangular,15.7,11.6,NA,CC,L,2,2,3,0,Trapezoidal,Feather,Flake,33.64,60,117,85,64,68,NA,83,NA,80,78,79,72.33,79,72.33,13
ML+AF8-IR+AF8-140,C,Y,45.3,45.3,43.1,34.6,31.5,10.3,9.7,6.3,9.7,Trapezoid,13.6,20,6.2,CX,L,5,5,3,0,Trapezoidal,Feather,Flake,17.08,70,111,46,50,41,NA,57,NA,55,50,48,45.67,51,45.67,10.3
ML+AF8-IR+AF8-141,C,Y,62.2,62.2,43.9,23.4,39.4,13.3,11.4,7.8,12.1,Trapezoid,5.8,13.6,11.3,CC,L,5,5,3,0,Triangular Asymmetric,Feather,Backed Flake,26.05,60,117,70,48,35,NA,33,NA,NA,NA,NA,51,+ACM-DIV/0+ACE-,51,13.3
ML+AF8-IR+AF8-142,C,Y,59.8,59.8,46.2,34.1,36.8,13.3,11.2,10.4,14.5,Triangular,11.2,10.4,NA,CX,L,4,3,4,0,Triangular Asymmetric,Feather,Backed Flake,34.43,81,104,NA,NA,NA,NA,25,NA,37,45,29,+ACM-DIV/0+ACE-,37,37,13.3
ML+AF8-IR+AF8-143,C,Y,74.6,74.6,52.8,46.5,50,18.1,14.1,11.1,15.2,Ellipse,14.5,8.2,NA,CX,C,1,1,0,0,Circular,Hinge,Flake,57.97,71,95,40,34,45,NA,114,NA,87,48,53,39.67,62.67,39.67,18.1
ML+AF8-IR+AF8-144,C,Y,69.6,80.2,52.8,28.6,21.5,12.9,15,9.8,13.7,Rectangle,7.5,11,NA,CX,C,1,1,0,0,Circular,Feather,Flake,33.57,70,116,75,71,74,NA,35,NA,61,60,71,73.33,64,64,15
ML+AF8-IR+AF8-145,C,Y,64.3,75.3,51.3,35.5,17.9,17.8,11.2,8.5,14.6,Trapezoid,17.2,35,14.5,CX,C,3,2,1,0,Triangular,Feather,Flake,33.27,50,120,45,35,39,NA,24,NA,89,81,65,39.67,78.33,39.67,17.8
ML+AF8-IR+AF8-146,C,Y,53.7,53.7,26.5,22.4,20.8,10,8.9,7.7,9.9,Triangular,20.5,9,NA,BF,D,2,2,2,0,Triangular,Feather,Flake,13.38,57,111,70,55,39,NA,45,NA,45,44,37,54.67,42,42,10
ML+AF8-IR+AF8-147,C,Y,77.8,77.8,45,44.5,25.3,18.4,15.1,6.4,16.1,Trapezoid,19.6,31.8,13.9,CX,L,1,1,0,0,Circular,Feather,Flake,53.59,55,125,64,49,45,NA,53,NA,53,51,69,52.67,57.67,52.67,18.4
ML+AF8-IR+AF8-148,C,Y,62.8,62.8,49.8,41.7,44,19.8,15.6,11.7,16.3,Triangular,31.3,17,NA,CX,C,3,2,1,1,Triangular,Hinge,Flake,48.57,50,128,85,53,45,NA,101,NA,40,25,23,61,29.33,29.33,19.8
ML+AF8-IR+AF8-149,C,Y,57,57,37.2,25.6,23.5,15.7,14,7,14,Triangular,19.6,9.7,NA,CC,C,3,2,1,0,Triangular,Feather,Flake,21.67,68,100,82,71,66,NA,40,NA,46,35,29,73,36.67,36.67,15.7
ML+AF8-IR+AF8-150,C,Y,35.3,35.3,33.5,28.9,33.4,12.7,10.3,9.5,10.3,Triangular,21.3,9.4,NA,CX,L,3,2,1,0,Triangular,Feather,Flake,11.46,45,128,84,75,53,NA,60,NA,36,38,46,70.67,40,40,12.7
ML+AF8-IR+AF8-196,C,Y,70.5,70.5,51.5,26.7,41.8,7.2,6.6,6.3,11,Trapezoid,8,14.8,6.6,CC,L,4,3,3,0,Trapezoidal Asymmetric,Feather,Backed Flake,24.08,63,105,NA,NA,NA,NA,43,NA,45,30,49,+ACM-DIV/0+ACE-,41.33,41.33,7.3
ML+AF8-IR+AF8-197,C,Y,65.7,65.7,47.2,33.1,35.5,15.3,16.2,15.4,20.5,Trapezoid,10.7,17.7,7.8,CC,L,3,2,2,0,Triangular Asymmetric,Feather,Backed Flake,48.55,59,129,64,37,36,NA,70,NA,NA,NA,NA,45.67,+ACM-DIV/0+ACE-,45.67,20.8
ML+AF8-IR+AF8-198,C,Y,65.4,65.4,71.8,61.7,63.6,15.9,13.6,7.8,15.6,Rhombus,40.1,16.2,NA,BF,D,3,2,2,0,Trapezoidal,Feather,Flake,52.57,63,125,42,65,55,NA,44,NA,45,31,30,54,35.33,35.33,16
ML+AF8-IR+AF8-199,C,Y,77.8,77.8,74,58.4,41.8,17.4,19.2,10.6,20.7,Trapezoid,28.3,49.5,14.8,BF,D,2,2,3,0,Triangular,Feather,Flake,83.17,68,115,86,70,49,NA,59,NA,84,76,65,68.33,75,68.33,20.4
ML+AF8-IR+AF8-200,C,Y,48.2,48.2,52.3,33.1,47.4,19.4,19.8,11.6,20,Trapezoid,12.5,23,8.3,CX,C,3,2,2,0,Triangular Asymmetric,Feather,Backed Flake,46.64,62,121,48,30,29,40,55,58,NA,NA,NA,35.67,+ACM-DIV/0+ACE-,35.67,20
ML+AF8-IR+AF8-01,c,y,41.8,41.8,28.6,20.7,18.3,9.3,8.8,6.8,9.5,Rhombus,13.6,4.9,NA,cx,l,5,5,3,1,Triangular,Feather,Flake,9.4,65,115,71,68,58,NA,40,NA,44,25,29,65.67,32.67,32.67,9.5
ML+AF8-IR+AF8-02,c,y,42.2,42.2,37.9,27.5,26.7,11,7.6,5.9,7.1,Ellipse,5.2,2.7,NA,BF,D,5,5,2,1,Triangular,Feather,Flake,13.28,70,94,75,65,51,NA,30,NA,20,18,21,63.67,19.67,19.67,16.2
ML+AF8-IR+AF8-03,c,y,38.3,38.3,39.3,22.5,33.4,12.5,16.9,8,14.7,Ellipse,10,4.2,NA,ST,l,5,5,3,0,Triangular Asymmetric,Feather,ps+AC0-L,13.04,59,111,44,50,50,NA,40,NA,39,28,31,48,32.67,32.67,16.5
ML+AF8-IR+AF8-04,c,y,38.3,38.3,39.3,37.7,25.7,11,10.4,7.9,14.9,Trapezoid,15.1,20.3,8.2,BF,D,5,5,3,0,Triangular,Feather,Flake,14.4,65,109,61,51,66,NA,30,NA,42,38,28,59.33,36,36,11
ML+AF8-IR+AF8-05,c,y,53.9,53.9,41.1,31,38.1,14.2,12.7,7.8,12.8,Triangular,7.9,5.7,NA,CC,l,5,5,2,1,Triangular,Feather,Flake,21.11,80,97,56,37,45,NA,31,NA,22,22,20,46,21.33,21.33,14.4
ML+AF8-IR+AF8-06,c,y,50.2,50.2,31,24.5,17.8,10,10.9,9.1,14.1,Triangular,9.9,6.5,NA,CX,l,5,5,2,0,Triangular Asymmetric,Feather,Backed Flake,17.08,66,115,NA,NA,NA,NA,45,NA,60,47,39,+ACM-DIV/0+ACE-,48.67,48.67,11.1
ML+AF8-IR+AF8-07,c,y,49,49,31,30,25.9,10.2,8,7,8.7,Trapezoid,23.6,31.6,8,CX,l,5,5,3,0,Trapezoidal,Feather,Flake,15.75,72,115,62,45,32,NA,25,NA,66,68,38,46.33,57.33,46.33,10.3
ML+AF8-IR+AF8-08,c,y,50.1,50.1,33.8,31.3,32.1,18.5,15.9,12.4,16,Triangular,27.1,18.2,NA,CC,l,5,5,2,1,Triangular,Hinge,Flake,25.49,60,115,35,39,30,NA,79,NA,80,68,41,34.67,63,34.67,19.3
ML+AF8-IR+AF8-09,c,y,49.7,49.7,35.8,29.9,24.5,6.4,4.5,2.2,6.8,Rhombus,22.7,7.6,NA,CG,MF,3,2,2,0,Circular,Feather,Flake,8.78,65,105,32,20,14,NA,10,NA,43,20,22,22,28.33,22,6.8
ML+AF8-IR+AF8-10,c,y,34.4,34.4,26,25.6,21.9,10.4,10.3,7.1,10.4,Rectangle,23.1,11.8,NA,CX,l,5,5,2,0,Trapezoidal Asymmetric,Feather,Backed Flake,10.15,60,107,64,56,40,NA,25,NA,NA,NA,NA,53.33,+ACM-DIV/0+ACE-,53.33,13.1
ML+AF8-IR+AF8-11,c,y,53.3,53.3,27.4,25.6,21.6,6.5,5.5,4.9,9.5,Ellipse,4.7,2.5,NA,RT,l,3,3,3,0,Triangular,Feather,Flake,10.8,67,111,45,44,28,NA,19,NA,39,31,41,39,37,37,6
ML+AF8-IR+AF8-12,c,y,42.2,42.2,36.2,25,36.2,12.3,9.3,5.8,9,Trapezoid,11,23.6,13.3,RT,l,3,3,2,1,Triangular,Feather,Flake,13.47,62,120,65,49,25,NA,30,NA,35,33,20,46.33,29.33,29.33,12.4
ML+AF8-IR+AF8-13,c,y,60.3,60.3,41.5,33.2,23.5,15.7,12.9,6.1,13.4,Trapezoid,7.1,15,7,CX,l,3,2,1,0,Trapezoidal Asymmetric,Hinge,Backed Flake,28.82,64,115,46,40,26,NA,80,NA,NA,NA,NA,37.33,+ACM-DIV/0+ACE-,37.33,15.7
ML+AF8-IR+AF8-14,c,y,36.2,39.6,38.1,24.2,23.4,6.2,4.9,2.8,7,Rhombus,15.2,5.7,NA,CX,MF,5,5,3,0,Trapezoidal,Feather,Flake,5.8,80,94,49,20,15,NA,13,NA,44,40,36,28,40,28,7
ML+AF8-IR+AF8-15,c,y,24.5,24.5,37.2,36.2,34,8.9,6.8,5.8,6.8,Ellipse,31.3,10.9,NA,CX,l,5,5,0,0,Circular,Hinge,Flake,6.82,45,21,NA,NA,NA,30,30,30,NA,NA,NA,+ACM-DIV/0+ACE-,+ACM-DIV/0+ACE-,30,7.8
ML+AF8-IR+AF8-181,C,Y,82.1,82.1,40.6,30,38.8,12.8,12.9,7,14.22,Trapezoid,11.6,17.7,9.5,CC,C,4,3,4,0,Trapezoidal Asymmetric,Feather,Backed Flake,42.78,75,113,NA,NA,NA,NA,34,NA,58,40,49,+ACM-DIV/0+ACE-,49,49,12.7
ML+AF8-IR+AF8-182,C,Y,82.7,82.7,47.3,40.1,32.1,12.4,9.7,4.8,15,Triangular,14.5,6.2,NA,CX,L,3,2,5,0,Trapezoidal,Feather,Flake,44.82,64,114,61,60,52,NA,16,NA,44,39,30,57.67,37.67,37.67,12.6
ML+AF8-IR+AF8-183,C,Y,66.2,66.2,58.8,40.4,34.4,12.8,10.7,7.4,15,Triangular,25.9,8.9,NA,CC,L,1,1,0,0,Circular,Feather,Flake,43.71,57,120,45,67,77,NA,40,NA,88,44,39,63,57,57,13.3
ML+AF8-IR+AF8-184,C,Y,75.5,75.5,73,43.8,63.8,15.7,10.4,7.6,12.9,Trapezoid,17.6,39.1,10.3,RT,L,2,2,1,0,Circular,Feather,Flake,60.45,63,119,20,18,34,NA,37,NA,45,30,40,24,38.33,24,15.2
ML+AF8-IR+AF8-185,C,Y,55.6,55.6,51.9,43.8,45.9,20.7,19.9,6.8,19.9,Triangular,31.1,14.9,NA,CX,L,5,5,3,0,Triangular Asymmetric,Feather,Backed Flake,46.07,61,123,49,32,35,NA,40,NA,NA,NA,NA,38.67,+ACM-DIV/0+ACE-,38.67,22.7
ML+AF8-IR+AF8-186,C,Y,56.7,56.7,52.8,44.5,40.3,12.5,12.6,4.8,15.8,Trapezoid,10.3,21.1,8.4,CC,L,3,3,4,0,Triangular,Feather,Flake,30.2,61,134,54,46,35,NA,37,NA,45,35,33,45,37.67,37.67,13
ML+AF8-IR+AF8-187,C,Y,93.9,93.9,39,26.3,25.4,9.8,7.9,7.5,13,Trapezoid,11.4,24.2,8.8,RT,L,2,2,3,0,Triangular,Feather,Flake,32,70,120,59,48,42,NA,25,NA,50,57,40,49.67,49,49,9.5
ML+AF8-IR+AF8-188,C,Y,45.7,45.7,40.7,32.7,38.7,9,6.3,3.4,6.9,Rhombus,27.3,8.5,NA,CX,MF,2,2,1,0,Circular,Feather,Flake,11.66,61,115,24,15,15,NA,14,NA,46,25,17,18,29.33,18,10.8
ML+AF8-IR+AF8-189,C,Y,46.4,46.4,40,23,37.7,9,12.4,7.8,13.2,Triangular,15.1,7.4,NA,RT,L,5,5,3,0,Triangular Asymmetric,Feather,Backed Flake,13.96,66,119,44,25,34,NA,50,NA,NA,NA,NA,34.33,+ACM-DIV/0+ACE-,34.33,12.4
ML+AF8-IR+AF8-190,C,Y,60.9,60.9,33.4,27,26.2,5.8,6.3,4.7,9.3,Ellipse,14.6,5.5,NA,CC,L,4,3,3,0,Trapezoidal,Feather,Flake,13.4,64,114,35,25,27,NA,22,NA,45,40,42,29,42.33,29,6.4
ML+AF8-IR+AF8-191,C,Y,53.4,53.4,42.6,35.5,42.4,6.1,4.2,4,6.3,Trapezoid,14,26.1,3.6,RT,L,4,3,2,0,Trapezoidal,Feather,Flake,12.11,65,105,37,30,32,NA,31,NA,51,38,30,33,39.67,33,6.7
ML+AF8-IR+AF8-192,C,Y,32.6,54.5,54.5,43.7,45.4,10.7,10.1,3.7,10.5,Trapezoid,24.1,37.2,9.2,CX,MF,5,5,0,0,Circular,Feather,Flake,14.36,52,121,NA,NA,NA,20,29,10,NA,NA,NA,+ACM-DIV/0+ACE-,+ACM-DIV/0+ACE-,24.5,11.4
ML+AF8-IR+AF8-193,C,Y,30.2,39.3,39.3,37.3,39,9.5,8.7,4.1,8.8,Triangular,35.1,9.3,NA,CX,MF,1,1,0,0,Circular,Feather,Flake,11.36,70,105,NA,NA,NA,14,13,14,NA,NA,NA,+ACM-DIV/0+ACE-,+ACM-DIV/0+ACE-,13.5,9.5
ML+AF8-IR+AF8-194,C,Y,50.1,50.1,41.8,40.9,32,8.2,7.6,4.5,8.3,Ellipse,17.6,6,NA,CX,MF,3,3,2,0,Triangular,Feather,Flake,12,83,97,39,20,29,NA,15,NA,59,29,24,29.33,37.33,29.33,8.9
ML+AF8-IR+AF8-195,C,Y,45.5,45.5,43,25.7,37.5,10,8.1,4.5,10.5,Triangular,21.5,10,NA,CX,L,4,3,2,0,Triangular,Feather,Flake,12.23,66,111,39,30,25,NA,53,NA,50,44,35,31.33,43,31.33,10.5
ML+AF8-IR+AF8-151,C,Y,65.3,65.3,53.5,42.3,40.8,12.6,10.6,6,15,Trapezoid,11.4,19,8,CX,L,4,5,5,0,Trapezoidal,Feather,Flake,35.72,72,110,59,42,45,NA,25,NA,39,25,55,48.67,39.67,39.67,12.4
ML+AF8-IR+AF8-152,C,Y,58.1,58.1,45.1,33.5,28.6,10.5,11,5.9,12.2,Triangular,12,6.8,NA,RT,C,5,5,4,0,Trapezoidal Asymmetric,Feather,Backed Flake,24.65,61,111,65,36,30,NA,27,NA,NA,NA,NA,43.67,+ACM-DIV/0+ACE-,43.67,11.3
ML+AF8-IR+AF8-153,C,Y,55.5,55.5,44.6,29.8,33.9,10.4,8.5,2.9,8.7,Rhombus,19.8,9.1,NA,BF,D,5,5,3,0,Circular,Feather,Flake,17.46,79,105,37,24,38,NA,14,NA,50,27,44,33,40.33,33,11.7
ML+AF8-IR+AF8-154,C,Y,57.4,57.4,33.9,27.8,32.1,6.1,6,4.2,7.2,Ellipse,13.2,5.1,NA,RT,MF,5,5,4,0,Triangular,Feather,Flake,10.72,78,98,27,23,25,NA,24,NA,32,30,29,25,30.33,25,7.2
ML+AF8-IR+AF8-155,C,Y,78,78,51.7,32,37.6,18.2,28.9,17.7,31.3,Triangular,17,8.5,NA,CX,C,2,2,1,0,Trapezoidal Asymmetric,Feather,Backed Flake,94.41,74,110,85,75,52,NA,41,NA,NA,NA,NA,70.67,+ACM-DIV/0+ACE-,70.67,29
ML+AF8-IR+AF8-156,C,Y,49.3,49.3,42.3,41,21.9,14.3,8.6,6.8,10.8,Ellipse,25.9,17.1,NA,CX,C,2,2,1,0,Triangular,Feather,Flake,20.34,46,130,35,33,34,NA,42,NA,43,33,38,34,38,34,18.2
ML+AF8-IR+AF8-157,C,Y,46.2,46.2,43.6,44.1,33.7,18.6,17.1,9,17.1,Rhombus,22.4,9.2,NA,CC,C,2,2,2,0,Triangular,Feather,Flake,29.11,59,124,45,35,41,NA,76,NA,55,83,66,40.33,68,40.33,20.1
ML+AF8-IR+AF8-158,C,Y,54.4,54.4,62.1,47,19,17,11.8,6.7,11.8,Triangular,36.8,18.5,NA,BF,D,5,5,2,1,Triangular,Feather,Flake,22.71,70,118,68,25,37,NA,32,NA,47,54,44,43.33,48.33,43.33,19.2
ML+AF8-IR+AF8-159,C,Y,62.8,62.8,37.1,30.5,27.5,13.1,11.3,8.7,12.2,Triangular,31.4,13.1,NA,CX,L,4,3,3,0,Trapezoidal,Feather,Flake,27.16,55,125,69,55,71,NA,46,NA,75,49,59,65,61,61,14.2
ML+AF8-IR+AF8-160,C,Y,42.5,42.5,41.5,29.1,27.5,12.8,9.1,5.6,10,Ellipse,4.2,2,NA,RT,L,5,5,3,0,Triangular,Feather,Flake,12.77,46,135,79,72,57,NA,22,NA,22,22,21,69.33,21.67,21.67,14.2
ML+AF8-IR+AF8-161,C,Y,48.6,56.2,43,31.7,28.9,12.3,8.6,10.1,10.7,Triangular,15.6,4.4,NA,CX,L,3,2,2,0,Triangular,Feather,Flake,17.52,55,127,47,40,53,NA,36,NA,23,27,52,46.67,34,34,13.7
ML+AF8-IR+AF8-162,C,Y,60.5,60.5,31.4,24.8,28.3,8.6,12.2,9.5,13.9,Trapezoid,16.5,10.1,8,BF,D,5,5,2,0,Triangular Asymmetric,Feather,Backed Flake,24.47,75,118,NA,NA,NA,NA,54,NA,40,43,55,+ACM-DIV/0+ACE-,46,46,13.7
ML+AF8-IR+AF8-163,C,Y,83,83,42,25.4,22.1,15,19.9,14.5,20.3,Trapezoid,12.6,23,11.6,CX,L,2,2,1,0,Triangular,Feather,Flake,48.38,60,120,75,67,58,NA,40,NA,70,66,64,66.67,66.67,66.67,21.2
ML+AF8-IR+AF8-164,C,Y,78.3,78.3,45.9,36.1,40.1,12.5,15.7,16.7,18.5,Trapezoid,9.1,20.1,7.8,RT,L,2,2,1,1,Triangular,Plunging,Flake,55.27,67,110,40,42,43,NA,93,NA,39,32,54,41.67,41.67,41.67,17.3
ML+AF8-IR+AF8-165,C,Y,91.5,91.5,46.3,35.5,32,25.8,25.7,21.1,25.7,Triangular,27.8,22.6,NA,CX,L,1,1,0,0,Triangular Asymmetric,Feather,Backed Flake,94.6,66,115,NA,NA,NA,NA,75,NA,54,45,47,+ACM-DIV/0+ACE-,48.67,48.67,28.9
ML+AF8-IR+AF8-166,C,Y,57.5,57.5,41.6,28.8,31.5,9.9,7.6,9.9,9.9,Triangular,22.3,8.2,NA,CX,C,3,2,2,0,Circular,Step,Flake,26.7,71,105,46,34,40,NA,104,NA,55,55,50,40,53.33,40,13.3
ML+AF8-IR+AF8-167,C,Y,46.6,46.6,38,25.3,28.4,13.6,18.9,7.6,19.6,Trapezoid,11.8,5.5,8.3,CC,L,5,5,2,0,Triangular Asymmetric,Feather,Backed Flake,19.7,67,120,NA,NA,NA,NA,35,NA,31,34,27,+ACM-DIV/0+ACE-,30.67,30.67,19.4
ML+AF8-IR+AF8-168,C,Y,34.5,40.9,44.7,30.4,41.3,9.6,9.6,5.3,9.8,Trapezoid,17,21.5,6.2,RT,L,5,5,3,0,Trapezoidal Asymmetric,Feather,Backed Flake,11.28,69,110,NA,NA,NA,30,25,37,35,29,37,+ACM-DIV/0+ACE-,33.67,33.67,9.6
ML+AF8-IR+AF8-169,C,Y,46,46,44.6,39.4,29.3,10,7.7,5.8,9.8,Triangular,29.1,8,NA,CX,L,5,5,4,0,Triangular,Feather,Flake,16.89,71,120,67,50,48,NA,40,NA,34,34,29,55,32.33,32.33,10.2
ML+AF8-IR+AF8-170,C,Y,62.7,62.7,68.7,65.9,45.1,17.5,19.2,10.6,19.6,Trapezoid,10.9,21.3,9.2,CC,L,3,2,3,0,Triangular,Feather,Flake,71.75,66,115,59,41,38,NA,40,NA,36,35,38,46,36.33,36.33,19.6
ML+AF8-IR+AF8-171,C,Y,61.6,67.3,64.7,40,32.5,12.5,10,6,10.5,Trapezoid,18.6,28.3,8.7,CC,L,2,2,1,0,Triangular,Feather,Flake,33.44,59,124,62,54,35,NA,50,NA,65,69,60,50.33,64.67,50.33,12.1
ML+AF8-IR+AF8-172,C,Y,59.5,59.5,46.5,44.9,31.2,15,13.6,11,15.1,Trapezoid,30,40.7,7.4,CX,C,3,2,2,0,Circular,Feather,Flake,43.58,52,130,65,58,49,NA,45,NA,47,34,39,57.33,40,40,17.2
ML+AF8-IR+AF8-173,C,Y,50.9,50.9,58.7,46.3,31.5,12,10,9.5,12.7,Ellipse,29.5,8.6,NA,CX,C,4,3,3,0,Triangular,Feather,Flake,28.88,64,112,42,68,55,NA,42,NA,40,41,43,55,41.33,41.33,12.2
ML+AF8-IR+AF8-174,C,Y,64.3,64.3,69.1,45,55.8,21,26.3,11.8,26.3,Trapezoid,14.5,31.7,9.2,CX,L,1,1,0,0,Circular,Hinge,Flake,100.32,65,106,NA,NA,NA,43,110,71,58,73,50,+ACM-DIV/0+ACE-,60.33,60.33,26.3
ML+AF8-IR+AF8-175,C,Y,47.2,47.2,55.2,44.6,35,18,11.4,4.3,11.5,Triangular,30.8,19,NA,RT,C,2,2,1,0,Triangular,Feather,Flake,33.33,51,105,74,57,57,NA,35,NA,41,35,36,62.67,37.33,37.33,21.1
ML+AF8-IR+AF8-176,C,Y,77.5,77.5,53.2,27.1,42,10.7,7.9,10.7,12.9,Rhombus,21.3,11.8,NA,RT,L,4,3,3,0,Triangular,Feather,Flake,31.87,65,117,56,40,83,NA,42,NA,48,65,59,59.67,57.33,57.33,13.4
ML+AF8-IR+AF8-177,C,Y,51.1,51.1,52.5,49.9,45.7,17.3,16.2,13.1,162.2,Trapezoid,28.8,52,13.8,CX,C,5,5,3,0,Triangular,Hinge,Flake,43.13,45,127,75,76,66,NA,112,NA,43,37,31,72.33,37,37,17.2
ML+AF8-IR+AF8-178,C,Y,58.8,58.8,40.7,20.7,27.1,7.8,9.1,6.4,10.9,Trapezoid,11.8,18.8,5.4,CC,L,2,2,1,0,Triangular,Feather,Flake,14.7,60,111,65,53,45,NA,35,NA,64,31,27,54.33,40.67,40.67,10.5
ML+AF8-IR+AF8-179,C,Y,53.5,53.5,34.4,28.3,32,11.6,9.3,10,9.9,Rhombus,21.2,10.6,NA,CC,C,2,2,1,0,Triangular,Hinge,Flake,20.77,70,110,70,63,55,NA,112,NA,40,35,32,62.67,35.67,35.67,11
ML+AF8-IR+AF8-180,C,Y,65.6,65.6,45.5,26.4,41.7,7.6,11.6,12.2,15.2,Triangular,15.9,9.8,NA,CX,L,2,2,2,0,Triangular,Feather,Flake,28,72,110,75,29,40,NA,65,NA,30,69,60,48,53,48,12.6
ML+AF8-IR+AF8-121,C,Y,36.5,36.5,38.6,36,28.4,9.8,14.6,10.6,14.6,Triangular,24.4,8,NA,CC,L,5,5,3,0,Triangular,Feather,Flake,11.35,84,95,35,37,32,NA,80,NA,50,56,67,34.67,57.67,34.67,14.8
ML+AF8-IR+AF8-122,C,Y,53,53,17.4,16,14.7,5.7,5,3.6,5.4,Trapezoid,7.2,16.5,4.7,CG,MF,5,5,2,1,Triangular,Feather,Flake,3.26,80,95,49,30,25,NA,11,NA,36,30,31,34.67,32.33,32.33,6.2
ML+AF8-IR+AF8-123,C,Y,28.5,28.5,20.6,16.1,13,6.3,4.9,3.1,5.5,Trapezoid,4.7,10.8,5.3,RT,L,5,5,2,1,Triangular,Feather,Flake,1.69,85,91,40,35,33,NA,26,NA,35,21,19,36,25,25,6.6
ML+AF8-IR+AF8-124,C,Y,42.6,42.6,43,24.3,34.4,13.8,10,8.5,10.5,Triangular,13.4,9.7,NA,CC,L,4,2,3,0,Triangular,Feather,Flake,11.82,75,99,70,60,68,NA,76,NA,44,31,30,66,35,35,13.8
ML+AF8-IR+AF8-125,C,Y,63.2,63.2,79.5,57.2,51.7,17.4,17.8,8.9,17.8,Rectangle,53,15.5,NA,CX,L,2,2,1,0,Circular,Feather,Flake,57.47,70,100,NA,NA,NA,39,35,35,NA,NA,NA,+ACM-DIV/0+ACE-,+ACM-DIV/0+ACE-,35,18.4
ML+AF8-IR+AF8-126,C,Y,100.9,100.9,85.5,38.7,73.1,21.3,34.7,19.4,35.9,Triangular,24.4,10.4,NA,CC,L,2,2,1,0,Triangular,Feather,Flake,166.7,75,112,84,66,55,NA,44,NA,55,65,65,68.33,61.67,61.67,34.8
ML+AF8-IR+AF8-127,C,Y,81.2,81.2,71.8,65.2,52,25.2,19.2,14.2,23.6,Trapezoid,28.4,23.8,12.6,CX,C,3,2,4,0,Triangular Asymmetric,Feather,Backed Flake,142.66,58,129,NA,NA,NA,NA,68,NA,38,38,35,+ACM-DIV/0+ACE-,37,37,26
ML+AF8-IR+AF8-128,C,Y,72.8,72.8,83.3,82,50.2,22.3,24.5,13.9,24.5,Trapezoid,22.8,20.9,15.2,CC,L,3,3,4,0,Triangular Asymmetric,Feather,Backed Flake,119.53,65,125,NA,NA,NA,60,66,61,77,60,66,+ACM-DIV/0+ACE-,67.67,67.67,27
ML+AF8-IR+AF8-129,C,Y,94.1,94.1,83.1,43.8,66.5,25.3,34,20.2,34,Rhombus,16.9,9.2,NA,RT,L,2,2,1,0,Triangular,Feather,Flake,200.73,62,115,55,53,61,NA,65,NA,80,55,46,56.33,60.33,56.33,36
ML+AF8-IR+AF8-130,C,Y,70.5,70.5,70.6,43.1,68.7,20.8,21.8,19.6,21.8,Trapezoid,10.6,24.1,10.3,RT,L,2,2,2,0,Triangular Asymmetric,Feather,Backed Flake,101.27,55,129,NA,NA,NA,NA,95,NA,56,39,53,+ACM-DIV/0+ACE-,49.33,49.33,25
ML+AF8-IR+AF8-131,C,Y,70.8,70.8,57.8,48.3,37.9,24.4,24,16.1,24,Triangular,39.4,17.7,NA,CX,L,2,1,1,0,Triangular Asymmetric,Feather,Backed Flake,70.12,62,110,NA,NA,NA,NA,30,NA,40,42,31,+ACM-DIV/0+ACE-,37.67,37.67,29.7
ML+AF8-IR+AF8-132,C,Y,54.4,54.4,32.1,30,32.5,20.1,21.6,18.1,23.2,Trapezoid,13.9,25.2,12.2,CX,L,4,3,3,0,Triangular,Feather,Flake,46.32,69,114,79,79,86,NA,81,NA,54,73,84,81.33,70.33,70.33,22.9
ML+AF8-IR+AF8-133,C,Y,78.8,78.8,72.6,81.5,71.1,25.1,26,12.8,26.1,Trapezoid,37.3,42.7,15.5,CX,C,5,5,3,0,Circular,Feather,Flake,141.32,76,109,NA,NA,NA,35,25,29,NA,NA,NA,+ACM-DIV/0+ACE-,+ACM-DIV/0+ACE-,29.67,28.5
ML+AF8-IR+AF8-134,C,Y,75.9,75.9,68.3,47.6,65.3,20,17.5,16.1,17.5,Trapezoid,22.4,34.9,14.5,CC,L,2,1,1,0,Triangular Asymmetric,Feather,Backed Flake,80.35,48,125,NA,NA,NA,NA,60,NA,37,31,23,+ACM-DIV/0+ACE-,30.33,30.33,19.9
ML+AF8-IR+AF8-135,C,Y,81.1,81.1,53.3,39,52.3,17.8,17.4,12.1,19.1,Triangular,44,14,NA,CX,C,1,1,0,0,Trapezoidal,Feather,Flake,63.47,61,115,75,74,66,NA,30,NA,64,43,50,71.67,52.33,52.33,18.8
ML+AF8-IR+AF8-211,Complete,Yes,74.6,74.6,62.8,49.5,63.1,18.1,16.1,11,18.8,Trapezoid,29.1,36.4,8.4,CX,L,3,2,3,0,Trapezoidal,Feather,Flake,79.1,64,110,81,77,85,43,40,25,66,40,55,81,53.67,53.67,17.7
ML+AF8-IR+AF8-212,Complete,Yes,79,97.6,90.4,52.8,88.6,20,20.2,17.6,22.2,Rhombus,34.3,12.4,NA,CX,L,2,2,2,0,Triangular,Feather,Flake,130.21,72,103,51,48,54,72,37,35,37,37,30,51,34.67,34.67,19.9
ML+AF8-IR+AF8-213,Complete,Yes,106.7,108.5,58.4,32.9,46.4,15.3,16.6,18.8,27.7,Triangular,25.2,13.6,NA,BF,D,1,1,0,0,Triangular Asymmetric,Feather,Backed Flake,103.85,70,103,NA,NA,NA,NA,45,NA,35,43,49,+ACM-DIV/0+ACE-,42.33,42.33,22.8
ML+AF8-IR+AF8-214,Complete,Yes,79.6,81.4,61.9,41,57,16.7,18.7,12.7,19.3,Rhombus,17.5,6.5,NA,CX,C,1,1,0,0,Triangular Asymmetric,Feather,Flake,71.35,69,110,NA,NA,NA,NA,55,NA,33,26,25,+ACM-DIV/0+ACE-,28,28,16.8
ML+AF8-IR+AF8-215,Complete,Yes,58.1,58.1,77.5,56.8,71.2,21.7,25.3,17.2,25.5,Triangular,36.5,7.6,NA,CX,C,1,1,0,0,Triangular,Feather,Flake,98.61,71,107,50,59,55,66,60,58,47,40,43,54.67,43.33,43.33,26.1
ML+AF8-IR+AF8-216,Complete,Yes,78.5,86.1,41.6,36.2,30.8,20.1,16,9.4,16.1,Triangular,27.9,13.3,NA,RT,L,1,1,0,0,Triangular Asymmetric,Feather,Flake,59.17,66,98,54,45,25,NA,29,NA,NA,NA,NA,41.33,+ACM-DIV/0+ACE-,41.33,19.7
ML+AF8-IR+AF8-217,Complete,Yes,74.7,74.7,56.8,44.9,56.2,14.9,19.4,17.6,22.2,Rhombus,32.5,13.6,NA,CC,L,2,2,3,0,Triangular,Feather,Flake,79.89,79,115,60,47,41,NA,67,NA,NA,NA,NA,49.33,+ACM-DIV/0+ACE-,49.33,20
ML+AF8-IR+AF8-218,Complete,Yes,89.6,89.6,62.3,47.2,50.2,21.6,19.1,12.8,18.6,Trapezoid,7.6,37.1,17.2,CC,L,3,3,3,0,Triangular,Feather,Flake,90.22,80,111,40,32,40,NA,45,NA,64,39,42,37.33,48.33,37.33,21.8
ML+AF8-IR+AF8-219,Complete,Yes,77.2,77.2,52,38.8,40.5,19.4,22.3,8.4,24.9,Trapezoid,22.5,26.2,6.4,CX,L,2,2,1,0,Triangular,Feather,Flake,71.62,50,125,50,60,34,NA,22,NA,70,72,40,48,60.67,48,22.2
ML+AF8-IR+AF8-220,Complete,Yes,71.9,71.9,63.6,49.1,49.5,17,13.2,6.1,16.4,Rectangle,21.2,17.8,NA,CX,L,3,2,2,0,Trapezoidal Asymmetric,Feather,Backed Flake,55.36,59,110,NA,NA,NA,NA,30,NA,70,50,34,+ACM-DIV/0+ACE-,51.33,51.33,17
ML+AF8-IR+AF8-221,Complete,Yes,65.1,65.2,51.3,32.4,46.4,24.3,21.5,19.4,23.3,Triangular,25,14.9,NA,RT,L,3,3,2,0,Triangular Asymmetric,Feather,Backed Flake,51.42,71,115,NA,NA,NA,NA,40,NA,38,34,46,+ACM-DIV/0+ACE-,39.33,39.33,25.4
ML+AF8-IR+AF8-222,Complete,Yes,82,82,42.6,38.6,25.1,18.4,18.1,10.7,22,Triangular,26.3,8.3,NA,CX,C,1,1,0,0,Triangular,Feather,Flake,61.6,69,110,42,43,42,NA,45,NA,63,50,57,42.33,56.67,42.33,18.5
ML+AF8-IR+AF8-223,Complete,Yes,76.3,76.3,39.5,39.5,31.4,19.3,20.4,12.2,22.5,Triangular,26.7,12.3,NA,RT,L,3,2,2,0,Triangular,Feather,Flake,65.99,79,95,65,69,60,NA,40,NA,60,58,64,64.67,60.67,60.67,21.3
ML+AF8-IR+AF8-225,Complete,Yes,58,58,54.4,35.8,48.7,19.6,16.6,10.4,16.9,Triangular,28.1,14.2,NA,CX,C,2,2,1,0,Circular,Feather,Flake,47.45,60,105,84,50,39,NA,40,NA,83,25,40,57.67,49.33,49.33,20.7
ML+AF8-IR+AF8-226,Complete,Yes,85.7,85.7,70.3,70,54.3,20.5,16,7.2,17.4,Rhombus,30.1,11.4,NA,RT,C,2,3,4,0,Circular,Feather,Flake,107.2,68,117,48,49,37,NA,25,NA,25,51,53,44.67,43,43,20.6
ML+AF8-IR+AF8-227,Complete,Yes,71.1,71.1,49.5,43.6,38.1,14.5,14.7,11.7,16.5,Triangular,15.3,5.8,NA,RT,L,3,2,2,0,Triangular,Feather,Flake,49.29,79,93,75,33,35,NA,77,NA,59,50,49,47.67,52.67,47.67,14.8
ML+AF8-IR+AF8-228,Complete,Yes,51.8,68.8,58.7,45.5,51.3,10.7,11.2,6.9,13.3,Triangular,6.7,3.5,NA,RT,C,2,3,1,0,Circular,Feather,Flake,27.69,77,105,35,33,25,NA,45,NA,41,26,20,31,29,29,12
ML+AF8-IR+AF8-229,Complete,Yes,56.3,61.1,53.4,29.2,43.8,20,18.4,11.3,19.4,Trapezoid,15.3,24,9.7,CX,L,5,5,5,0,Triangular Asymmetric,Feather,Backed Flake,44.02,60,102,80,63,55,NA,32,NA,NA,NA,NA,66,+ACM-DIV/0+ACE-,66,20
ML+AF8-IR+AF8-230,Complete,Yes,86.1,86.1,60.9,53.3,46.6,16.4,14.6,8,16.3,Rhombus,21,8.6,NA,RT,L,2,2,1,0,Triangular,Feather,Flake,62.23,70,104,20,20,21,NA,15,NA,43,29,34,20.33,35.33,20.33,16.8
ML+AF8-IR+AF8-231,Complete,Yes,74.6,77.7,58.6,39.1,44.8,13.9,13.7,10.1,15,Ellipse,22.7,7.5,NA,RT,L,1,1,0,0,Triangular,Hinge,Flake,51.85,65,116,69,65,58,NA,105,NA,29,23,24,64,25.33,25.33,17.3
ML+AF8-IR+AF8-232,Complete,Yes,68.5,70.6,48.3,37.7,25.7,9.7,9.9,5.7,10.1,Triangular,19,7.5,NA,CC,L,5,5,3,0,Triangular Asymmetric,Feather,Backed Flake,22.66,80,100,27,19,15,NA,19,NA,NA,NA,NA,20.33,+ACM-DIV/0+ACE-,20.33,10.3
ML+AF8-IR+AF8-233,Complete,Yes,56.5,56.5,54.4,36.9,51.2,13.3,14.3,13.9,14.6,Triangular,29.4,8,NA,RT,C,3,4,2,0,Triangular,Hinge,Flake,37.87,79,105,58,45,45,NA,115,NA,54,33,40,49.33,42.33,42.33,14.4
ML+AF8-IR+AF8-234,Complete,Yes,56.2,56.5,44.5,36.8,38.5,12.6,12.5,11.3,17.2,Rhombus,24.3,10.6,NA,RT,L,2,2,2,0,Triangular,Feather,Flake,28.3,67,112,56,38,43,NA,48,NA,45,56,47,45.67,49.33,45.67,13.5
ML+AF8-IR+AF8-235,Complete,Yes,86.4,86.4,51,18.4,29.1,14.4,14.2,4.7,19,Triangular,17.5,10.2,NA,RT,C,3,2,2,0,Triangular Asymmetric,Feather,Backed Flake,34.68,71,105,56,40,35,NA,32,NA,NA,NA,NA,43.67,+ACM-DIV/0+ACE-,43.67,14.6
ML+AF8-IR+AF8-236,Complete,Yes,89.4,89.4,67.3,50.5,66.2,26.2,28.5,24.8,31.3,Rhombus,19.5,16.1,NA,CC,L,2,4,4,0,Triangular,Feather,Flake,178.08,57,126,79,53,74,NA,50,NA,88,86,66,68.67,80,68.67,30.2
ML+AF8-IR+AF8-237,Complete,Yes,94.6,94.6,64.6,54.6,40.6,19.1,26.3,20.3,26.5,Triangular,19.9,10.3,NA,CX,L,5,5,3,0,Triangular Asymmetric,Feather,Backed Flake,121.2,79,108,NA,NA,NA,NA,70,NA,48,38,30,+ACM-DIV/0+ACE-,38.67,38.67,27.7
ML+AF8-IR+AF8-238,Complete,Yes,72.7,72.7,66,57.5,59.3,23.6,14.9,11.3,17.4,Trapezoid,8,4.4,12,RT,L,2,2,2,0,Circular,Feather,Flake,85.79,79,101,70,43,37,NA,45,NA,35,55,32,50,40.67,40.67,23.2
ML+AF8-IR+AF8-239,Complete,Yes,69.4,72.1,53.1,52.7,25,23.7,21.4,16.2,22.8,Triangular,28.8,14,NA,RT,L,5,5,3,0,Trapezoidal Asymmetric,Feather,Backed Flake,71.51,60,116,55,49,82,NA,80,NA,NA,NA,NA,62,+ACM-DIV/0+ACE-,62,24.1
ML+AF8-IR+AF8-240,Complete,Yes,85.3,85.3,49.6,47.5,41.1,30.1,24,15.6,26.8,Trapezoid,30,40.4,13.8,CX,L,2,2,2,0,Triangular,Feather,Flake,102.3,74,105,68,35,39,NA,50,NA,61,73,60,47.33,64.67,47.33,30.5
