Referencia,Sec.Trans,Termin,Episode,L.mm,A.mm,G.mm,Max.Thick.mm,Or.Weight.g,Rem.Weight.g,W.Retrieved.g,GIUR.1.1,GIUR.1.2,GIUR.2.1,GIUR.2.2,GIUR.3.1,GIUR.3.2
ML_IR_201,Triangular,Feather,0,63.8,48.5,9.3,9.3,28.74,28.74,0,0,11.4,0,10.2,0,9.6
ML_IR_202,Triangular,Feather,0,62.6,43.6,11.2,11.2,31.69,31.69,0,0,12.2,0,10,0,6.3
ML_IR_203,Triangular,Plunging,0,85.6,66.4,16.8,16.8,88.65,88.65,0,0,17.3,0,15.8,0,17.8
ML_IR_204,Trapezoidal,Feather,0,78.2,54.5,19,19,95.66,95.66,0,0,20.5,0,18.5,0,18.2
ML_IR_205,Triangular,Feather,0,62.5,51.7,15.9,15.9,42.44,42.44,0,0,14.2,0,13.4,0,10.3
ML_IR_206,Triangular Asymmetric,Feather,0,66.7,56.3,24,24,50.93,50.93,0,0,24,0,23.8,0,12.4
ML_IR_207,Triangular,Feather,0,72.2,37.7,11.8,11.8,36.46,36.46,0,0,12,0,11.6,0,9.7
ML_IR_208,Triangular Asymmetric,Feather,0,70.9,43.4,12,12,35.34,35.34,0,0,9.2,0,11.1,0,5.7
ML_IR_209,Triangular Asymmetric,Feather,0,68.5,66.8,23.1,23.1,78.7,78.7,0,0,22.9,0,21.6,0,16.1
ML_IR_210,Triangular,Feather,0,103.7,52.8,19,19,81.7,81.7,0,0,20.7,0,17.5,0,10.4
ML_IR_201,Triangular,Feather,1,63.8,48.5,9.3,9.3,28.74,28.12,0.619999999999997,5.6,11.4,3.6,10.2,2.2,9.6
ML_IR_202,Triangular,Feather,1,62.6,43.6,11.2,13.3,31.69,31.28,0.41,4.3,12.2,4.2,10,2.3,6.3
ML_IR_203,Triangular,Plunging,1,85.6,66.4,16.8,17,88.65,86.84,1.81,4.2,17.3,3.1,15.8,3.4,17.8
ML_IR_204,Trapezoidal,Feather,1,78.2,54.5,19,20.4,95.66,94.01,1.64999999999999,7.4,20.5,4.6,18.5,5.1,18.2
ML_IR_205,Triangular,Feather,1,62.5,51.7,15.9,15.9,42.44,41.47,0.969999999999999,2.4,14.2,4.1,13.4,1.6,10.3
ML_IR_206,Triangular Asymmetric,Feather,1,66.7,56.3,24,24,50.93,48.89,2.04,4.4,24,4.4,23.8,5,12.4
ML_IR_207,Triangular,Feather,1,72.2,37.7,11.8,13.4,36.46,35.88,0.579999999999998,3.1,12,2.9,11.6,3.4,9.7
ML_IR_208,Triangular Asymmetric,Feather,1,70.9,43.4,12,12,35.34,34.54,0.800000000000004,6.3,9.2,7.9,11.1,4.6,5.7
ML_IR_209,Triangular Asymmetric,Feather,1,68.5,66.8,23.1,23.1,78.7,77.44,1.26000000000001,2.4,22.9,3,21.6,3.2,16.1
ML_IR_210,Triangular,Feather,1,103.7,52.8,19,19,81.7,80.14,1.56,4.5,20.7,5.5,17.5,4.2,10.4
ML_IR_136,Triangular Asymmetric,Feather,0,56.3,46.8,9.8,12.4,23.35,23.35,0,0,11.9,0,10.8,0,9.6
ML_IR_137,Triangular Asymmetric,Feather,0,94.3,74.4,25.5,25.5,110.35,110.35,0,0,25.5,0,12.4,0,5.7
ML_IR_138,Triangular,Feather,0,44.2,37,14.5,19.9,22.27,22.27,0,0,18.8,0,10.1,0,9.3
ML_IR_139,Trapezoidal,Feather,0,62.6,46.1,12.3,13,33.64,33.64,0,0,13,0,13,0,12
ML_IR_140,Trapezoidal,Feather,0,45.3,43.1,9.7,10.3,17.08,17.08,0,0,10.2,0,9.1,0,6.1
ML_IR_141,Triangular Asymmetric,Feather,0,62.2,43.9,11.4,13.3,26.05,26.05,0,0,9.2,0,8.5,0,6.7
ML_IR_142,Triangular Asymmetric,Feather,0,59.8,46.2,11.2,13.3,34.43,34.43,0,0,14.2,0,11.8,0,12.3
ML_IR_143,Circular,Hinge,0,74.6,52.8,14.1,18.1,57.97,57.97,0,0,14,0,10.7,0,11.1
ML_IR_144,Circular,Feather,0,69.6,52.8,15,15,33.57,33.57,0,0,16.1,0,12.5,0,12.2
ML_IR_145,Triangular,Feather,0,64.3,51.3,11.2,17.8,33.27,33.27,0,0,15,0,12.9,0,9.1
ML_IR_146,Triangular,Feather,0,53.7,26.5,8.9,10,13.38,13.38,0,0,9.7,0,8.9,0,8.1
ML_IR_147,Circular,Feather,0,77.8,45,15.1,18.4,53.59,53.59,0,0,19.7,0,14.8,0,9.7
ML_IR_148,Triangular,Hinge,0,62.8,49.8,15.6,19.8,48.57,48.57,0,0,16.4,0,14.2,0,12.4
ML_IR_149,Triangular,Feather,0,57,37.2,14,15.7,21.67,21.67,0,0,14.5,0,13.3,0,9.3
ML_IR_150,Triangular,Feather,0,35.3,33.5,10.3,12.7,11.46,11.46,0,0,11.5,0,10.9,0,9.9
ML_IR_136,Triangular Asymmetric,Feather,1,56.3,46.8,9.8,12.4,23.35,22.37,0.98,4.5,11.9,2.7,10.8,1.1,9.6
ML_IR_137,Triangular Asymmetric,Feather,1,94.3,74.4,25.5,25.5,110.35,107.53,2.81999999999999,8.3,25.5,3.9,12.4,4,5.7
ML_IR_138,Triangular,Feather,1,44.2,37,14.5,19.9,22.27,21.84,0.43,3.5,18.8,3.1,10.1,4,9.3
ML_IR_139,Trapezoidal,Feather,1,62.6,46.1,12.3,13,33.64,33.27,0.369999999999997,5.7,13,5.2,13,4.4,12
ML_IR_140,Trapezoidal,Feather,1,45.3,43.1,9.7,10.3,17.08,16.66,0.419999999999998,3.1,10.2,3.9,9.1,2.9,6.1
ML_IR_141,Triangular Asymmetric,Feather,1,62.2,43.9,11.4,13.3,26.05,25.28,0.77,3.9,9.2,5.5,8.5,2,6.7
ML_IR_142,Triangular Asymmetric,Feather,1,59.8,46.2,11.2,13.3,34.43,33.14,1.29,2.6,14.2,3.7,11.8,2.7,12.3
ML_IR_143,Circular,Hinge,1,74.6,52.8,14.1,18.1,57.97,56.63,1.34,3.7,14,2.9,10.7,2.6,11.1
ML_IR_144,Circular,Feather,1,69.6,52.8,15,15,33.57,32.67,0.899999999999999,2.4,16.1,2.4,12.5,1.5,12.2
ML_IR_145,Triangular,Feather,1,64.3,51.3,11.2,17.8,33.27,32.58,0.690000000000005,2.1,15,2.3,12.9,1.3,9.1
ML_IR_146,Triangular,Feather,1,53.7,26.5,8.9,10,13.38,13.28,0.100000000000001,1,9.7,1.5,8.9,1.7,8.1
ML_IR_147,Circular,Feather,1,77.8,45,15.1,18.4,53.59,52.12,1.47000000000001,4.9,19.7,3.1,14.8,3.9,9.7
ML_IR_148,Triangular,Hinge,1,62.8,49.8,15.6,19.8,48.57,47.18,1.39,3.5,16.4,3.3,14.2,3.3,12.4
ML_IR_149,Triangular,Feather,1,57,37.2,14,15.7,21.67,20.98,0.690000000000001,2,14.5,1.7,13.3,1,9.3
ML_IR_150,Triangular,Feather,1,35.3,33.5,10.3,12.7,11.46,11.15,0.310000000000001,1.5,11.5,2,10.9,2.1,9.9
ML_IR_196,Trapezoidal Asymmetric,Feather,1,70.5,51.5,7.2,7.3,24.08,23.43,0.649999999999999,2.9,7.3,3.5,5.7,2.5,5.4
ML_IR_197,Triangular Asymmetric,Feather,1,65.7,47.2,16.2,20.8,48.55,47.38,1.16999999999999,8.8,20.8,4.2,16,3.2,14
ML_IR_198,Trapezoidal,Feather,1,65.4,71.8,15.9,16,52.57,49.3,3.27,3.4,15,4,11.6,4.7,8.4
ML_IR_199,Triangular,Feather,1,77.8,19.4,20.4,20.4,83.17,81.13,2.04000000000001,3.9,19.4,6.5,17.6,2.9,9.7
ML_IR_200,Triangular Asymmetric,Feather,1,48.2,52.3,19.8,20,46.64,45.71,0.93,7.9,20,2.5,17.3,3.1,9.8
ML_IR_196,Trapezoidal Asymmetric,Feather,0,70.5,51.5,7.2,7.3,24.08,24.08,0,0,7.3,0,5.7,0,5.4
ML_IR_197,Triangular Asymmetric,Feather,0,65.7,47.2,16.2,20.8,48.55,48.55,0,0,20.8,0,16,0,14
ML_IR_198,Trapezoidal,Feather,0,65.4,71.8,15.9,16,52.57,52.57,0,0,15,0,11.6,0,8.4
ML_IR_199,Triangular,Feather,0,77.8,74,20.4,20.4,83.17,83.17,0,0,19.4,0,17.6,0,9.7
ML_IR_200,Triangular Asymmetric,Feather,0,48.2,52.3,19.8,20,46.64,46.64,0,0,20,0,17.3,0,9.8
ML_IR_01,Triangular,Feather,1,41.8,25.3,9.5,9.4,9.4,9.26,0.140000000000001,1.5,8.8,1.3,8.5,1.3,7.1
ML_IR_02,Triangular,Feather,1,42.9,30.8,10.3,16.2,13.28,12.63,0.649999999999999,3,11.3,1.5,8.6,2.7,4.8
ML_IR_03,Triangular Asymmetric,Feather,1,34.3,39.7,16.5,16.5,13.04,12.66,0.379999999999999,2.3,13.7,1.8,11.2,1.1,7.9
ML_IR_04,Triangular,Feather,1,35,38.5,10.3,11,14.4,13.71,0.69,3.5,7.8,3.1,10.6,2.6,11.6
ML_IR_05,Triangular,Feather,1,51.9,35.1,13.6,14.4,21.11,20.56,0.550000000000001,1.3,13.3,2.4,11.7,2.2,8.6
ML_IR_06,Triangular Asymmetric,Feather,1,49.7,35.5,10.9,11.1,17.08,16.84,0.239999999999998,1.1,10,3.6,10.8,1.9,8.9
ML_IR_07,Trapezoidal,Feather,1,45.6,28,9.5,10.3,15.75,15.03,0.720000000000001,3,10.4,4.3,9,3.1,7.1
ML_IR_08,Triangular,Hinge,1,50.8,26.9,16.2,19.3,25.49,23.24,2.25,4.4,17.4,6.9,15.8,6.5,14.4
ML_IR_09,Circular,Feather,1,38.6,28.5,5.2,6.8,8.78,6.91,1.87,2.7,6.7,2,5.9,2.1,5.1
ML_IR_10,Trapezoidal Asymmetric,Feather,1,34.1,26.7,10.5,13.1,10.15,9.91,0.24,3.3,10.1,4.8,10.3,1.5,8.1
ML_IR_11,Triangular,Feather,1,53.3,31.8,5.6,6,10.8,10.54,0.260000000000002,1.7,6.7,2,5.8,1.2,5.8
ML_IR_12,Triangular,Feather,1,43.1,30,9,12.4,13.47,12.87,0.600000000000001,2.4,8.4,3,6.9,3.2,6.4
ML_IR_13,Trapezoidal Asymmetric,Hinge,1,59.7,41.2,13.2,15.7,28.82,28.19,0.629999999999999,6.5,15.2,3.9,12.7,2.1,7.4
ML_IR_14,Trapezoidal,Feather,1,38.8,36.1,5.2,7,5.8,5.75,0.0499999999999998,0.9,5.5,1,5.3,0.9,3.9
ML_IR_15,Circular,Hinge,1,23.7,37,7.3,7.8,6.82,6.19,0.63,1.7,5.5,5.2,7.6,1.5,7.7
ML_IR_136,Triangular Asymmetric,Feather,2,59.5,34.8,9.9,12,23.35,21.55,1.8,7.9,11.5,3.5,9.8,4.6,9
ML_IR_137,Triangular Asymmetric,Feather,2,90.6,65.5,25.4,25.5,110.35,103.51,6.83999999999999,9,25.5,7.5,14.1,4.1,6.4
ML_IR_138,Triangular,Feather,2,45,32.5,17,21.3,22.27,20.96,1.31,5.9,19.3,5.5,13.5,3.4,8.1
ML_IR_139,Trapezoidal,Feather,2,62.3,40.6,11.9,14,33.64,32.12,1.52,5.1,11.7,6.2,13.1,8.3,13
ML_IR_140,Trapezoidal,Feather,2,46,38.4,10.2,10.7,17.08,15.8,1.28,4.3,8.9,4.3,10.2,3.4,6.1
ML_IR_141,Triangular Asymmetric,Feather,2,58.1,34.8,12.6,12,26.05,24.35,1.7,5.6,12,5.5,9.2,3.1,8
ML_IR_142,Triangular Asymmetric,Feather,2,60.7,35,11.4,14.7,34.43,31.19,3.24,7.1,12.5,6.2,11.2,3.6,12.5
ML_IR_143,Circular,Hinge,2,74.1,44.9,11.4,21,57.97,54.44,3.53,7,19.9,5.6,10.8,6.4,11.3
ML_IR_144,Circular,Feather,2,76.3,49,16,16.2,33.57,31.55,2.02,3.6,15.8,5,13.4,5,12.4
ML_IR_145,Triangular,Feather,2,74.8,31.9,12.4,18,33.27,31.3,1.97,7.3,18,4.9,13.3,4.4,9.2
ML_IR_146,Triangular,Feather,2,55.4,22.7,9,10.5,13.38,12.57,0.810000000000001,4.1,9.8,7,8.9,4.2,7.5
ML_IR_147,Circular,Feather,2,79.2,38.2,15.1,18.4,53.59,50,3.59,7.5,19.3,6.2,14.8,6.5,9.3
ML_IR_148,Triangular,Hinge,2,62.4,40.6,16.3,20.9,48.57,46.22,2.35,4,19,5.1,14.8,4.9,12.1
ML_IR_149,Triangular,Feather,2,52.1,32,14.2,16.4,21.67,20.51,1.16,4,15.8,2.5,13.9,2.5,9.1
ML_IR_150,Triangular,Feather,2,38.3,24.9,10.5,12.9,11.46,10.96,0.5,2.3,14.2,2.5,11.6,2.4,10.3
ML_IR_181,Trapezoidal Asymmetric,Feather,1,81.9,39.5,12.6,12.7,42.78,42.25,0.530000000000001,1.6,10.6,2.7,9.4,2.8,8.5
ML_IR_182,Trapezoidal,Feather,1,80.4,47,10.3,12.6,44.82,42.54,2.28,4.2,12.2,3.7,10.7,2.6,5.5
ML_IR_183,Circular,Feather,1,65,48.7,11.8,13.3,43.71,40,3.71,6.6,14.2,5.9,11.4,4.5,10
ML_IR_184,Circular,Feather,1,76.3,70,9,15.2,60.45,58.83,1.62,5,8.2,5.7,8.9,3.8,7.7
ML_IR_185,Triangular Asymmetric,Feather,1,55,49.2,19.8,22.7,46.07,45.38,0.689999999999998,4.2,20.3,1.7,16.5,1.7,9.8
ML_IR_186,Triangular,Feather,1,54.3,43.4,14.8,13,30.2,29.06,1.14,5.3,14.7,3.4,13,4.4,11.9
ML_IR_187,Triangular,Feather,1,95.2,35,9.4,9.5,32,31.42,0.579999999999998,2.9,7.9,2.2,9.2,2.9,5.9
ML_IR_188,Circular,Feather,1,45.5,36.8,7,10.8,11.6,11.34,0.26,2.2,9,1.6,7,1.2,4.2
ML_IR_189,Triangular Asymmetric,Feather,1,45.4,39.7,12.4,12.4,13.96,13.6,0.360000000000001,3.7,7.9,2.6,11.7,2.4,10.3
ML_IR_190,Trapezoidal,Feather,1,60.9,32.5,6.3,6.4,13.4,13.1,0.300000000000001,2.3,6.1,1.8,6.3,1.4,5
ML_IR_191,Trapezoidal,Feather,1,54,39.6,4,6.7,12.11,11.67,0.44,2.6,4.9,2.2,4.3,2.2,3.6
ML_IR_192,Circular,Feather,1,30.1,54.6,9.6,11.4,14.36,14.17,0.19,1.3,10.5,1.6,11,1.2,10.4
ML_IR_193,Circular,Feather,1,30.1,37.4,8.8,9.5,11.36,11.09,0.27,1.2,7.6,2.2,8.8,1.4,8.4
ML_IR_194,Triangular,Feather,1,49.6,39.8,6.1,8.9,12,11.59,0.41,1.3,8.7,1.3,6.2,1.6,5.7
ML_IR_195,Triangular,Feather,1,43.5,42.5,9.1,10.5,12.23,11.83,0.4,2,10.2,2.1,9.6,2.1,7.4
ML_IR_196,Trapezoidal Asymmetric,Feather,2,69,47.8,6,7.6,24.08,23.08,1,3.5,7,3.2,5.2,2.8,5.7
ML_IR_197,Triangular Asymmetric,Feather,2,63.4,40.3,16.4,19.2,48.55,46.04,2.51,8.1,19.7,5.4,15.7,5.8,14.7
ML_IR_198,Trapezoidal,Feather,2,55.5,62,13,16,52.57,47.37,5.2,3.3,15.4,6.8,14.7,5.2,12.7
ML_IR_199,Triangular,Feather,2,78.5,57.3,19.4,20.3,83.17,75.94,7.23,9.8,17.9,7.9,19.2,7.5,12
ML_IR_200,Triangular Asymmetric,Feather,2,49.2,42.9,17.8,20.4,46.64,44.83,1.81,3.4,10.3,7.7,17.8,8,19.4
ML_IR_201,Triangular,Feather,2,63,53.1,9,10.8,28.74,26.49,2.25,6.1,8.4,4.2,9.8,2.9,8.6
ML_IR_202,Triangular,Feather,2,62.6,43.1,11.5,14.4,31.69,30.69,1,6.3,13.8,4.4,12.5,6.3,8.9
ML_IR_203,Triangular,Plunging,2,86.2,62,16.3,17.5,88.65,83.44,5.21000000000001,8.4,16.6,5,15.6,6.5,17.4
ML_IR_204,Trapezoidal,Feather,2,78.2,51,19,21.3,95.66,92.55,3.11,11.8,20.8,9.7,18.4,9.4,18.1
ML_IR_205,Triangular,Feather,2,59.3,45.2,14,16.3,42.44,40.65,1.79,5.4,15.2,4.5,14,3.4,10.4
ML_IR_206,Triangular Asymmetric,Feather,2,57.4,49.6,24.2,24.5,50.93,47.34,3.59,5.7,20,8.2,24,5.9,20
ML_IR_207,Triangular,Feather,2,72.5,32.4,11.6,13.6,36.46,34.33,2.13,5.3,13.4,7.8,11.6,7.4,9.8
ML_IR_208,Triangular Asymmetric,Feather,2,71.4,40.8,9.2,13.5,35.34,33.05,2.29000000000001,6.7,9.2,9.3,10.4,4.2,8.8
ML_IR_209,Triangular Asymmetric,Feather,2,64.3,58.7,22.2,22.3,78.7,74.97,3.73,6.3,22.3,7,22.1,5.3,17.3
ML_IR_210,Triangular,Feather,2,104,46.2,17.4,21,81.7,75.26,6.44,9.1,20.7,9.3,15.7,7.1,11
ML_IR_136,Triangular Asymmetric,Feather,3,58.8,32.8,9.7,12.1,23.35,20,3.35,6.2,11.1,4.2,9.3,5.6,8
ML_IR_137,Triangular Asymmetric,Feather,3,89.4,62.3,20.7,25.4,110.35,99.89,10.46,18.1,20.8,9.7,16.6,5,10.5
ML_IR_138,Triangular,Feather,3,44.1,32,11,21.2,22.27,20.24,2.03,7.2,17.7,6.8,11.1,3.5,7.6
ML_IR_139,Trapezoidal,Feather,3,64.5,39.8,11.7,14.6,33.64,31.51,2.13,5.1,11.6,9.3,12.8,8.4,13.2
ML_IR_140,Trapezoidal,Feather,3,45.5,44,9.5,10.7,17.08,15.29,1.79,5,7.8,4.4,10.7,4,6.1
ML_IR_141,Triangular Asymmetric,Feather,3,58.3,34.7,12.9,14.5,26.05,23.45,2.6,6.3,13.6,7,11.3,4.1,8.2
ML_IR_142,Triangular Asymmetric,Feather,3,60.7,33.2,12.1,15.6,34.43,29.34,5.09,7.9,15.1,7.2,11.9,5.6,12.6
ML_IR_143,Circular,Hinge,3,73.6,43.2,10.3,20.5,57.97,52.64,5.33,7.2,16.5,5,10.3,5.9,11.5
ML_IR_144,Circular,Feather,3,75,30.2,13.3,16,33.57,30.8,2.77,5.1,16.6,7,14.6,6.4,12.6
ML_IR_145,Triangular,Feather,3,75.9,29,11.1,17.8,33.27,30.13,3.14,9,15.5,5.1,10.6,3.3,9.3
ML_IR_146,Triangular,Feather,3,54.1,23.3,9,10,13.38,12.22,1.16,4.1,10.5,6.7,9,4.7,8.2
ML_IR_147,Circular,Feather,3,80.9,41.2,14.4,18.9,53.59,46.9,6.69000000000001,11.4,21.6,9.4,15,7.6,9.6
ML_IR_148,Triangular,Hinge,3,62.2,38,15.5,21.8,48.57,44.53,4.04,7.4,18.1,5.5,14.3,6,12.2
ML_IR_149,Triangular,Feather,3,49.6,35.2,14.3,16.6,21.67,19.8,1.87,5.6,14.7,3.3,13.1,3.2,9.2
ML_IR_150,Triangular,Feather,3,35.5,29.6,10.4,13,11.46,10.73,0.73,2.8,13,2.7,10.9,2.8,10
ML_IR_01,Triangular,Feather,2,40.1,22,8.3,9.5,9.4,8.78,0.620000000000001,4.8,8.8,2.9,8.3,2.3,7.2
ML_IR_02,Triangular,Feather,2,43.7,29.5,8,16.3,13.28,12.14,1.14,2.8,11.4,2.1,7.2,4.3,5.7
ML_IR_03,Triangular Asymmetric,Feather,2,33.5,39.7,13.1,16.6,13.04,12.48,0.559999999999999,2.1,8.3,2,12.2,2,10.3
ML_IR_04,Triangular,Feather,2,33.8,37,10.1,11.2,14.4,13.2,1.2,4.2,11.4,6.2,9.6,6.7,9.4
ML_IR_05,Triangular,Feather,2,51.5,32.7,12.4,14.4,21.11,19.95,1.16,4,14.4,3.7,10,2.7,8.6
ML_IR_06,Triangular Asymmetric,Feather,2,49.1,30.7,10.9,12.1,17.08,16.06,1.02,6.4,10.7,5.4,10.7,5,9
ML_IR_07,Trapezoidal,Feather,2,45.1,27.2,7.6,12.2,15.75,14.35,1.4,5.8,11.8,5,8.3,2.6,7
ML_IR_08,Triangular,Hinge,2,52.1,23,15.3,19.2,25.49,21.93,3.56,7.5,17.5,10.5,15.6,8.6,13.2
ML_IR_09,Circular,Feather,2,38.2,26.1,5.5,7.1,8.78,6.66,2.12,4.9,7.5,2.6,5.4,2.3,4
ML_IR_10,Trapezoidal Asymmetric,Feather,2,33.3,25.5,9.7,13.1,10.15,9.68,0.470000000000001,4.4,10.1,5.3,10.4,2.3,7.2
ML_IR_11,Triangular,Feather,2,53.5,27.8,5.5,7.5,10.8,9.74,1.06,4.5,6.5,3.2,5.6,1.8,5.8
ML_IR_12,Triangular,Feather,2,43.6,27.7,8.1,12.5,13.47,12.18,1.29,6.3,11.4,4,7.9,3.7,6.6
ML_IR_13,Trapezoidal Asymmetric,Hinge,2,52.5,35,12.8,16.3,28.82,25.34,3.48,10.3,15.3,6.5,12.8,4.9,8.1
ML_IR_14,Trapezoidal,Feather,2,39.9,29.2,4.5,7.3,5.8,5.66,0.14,2.5,6.2,1.4,4.4,1.6,3.2
ML_IR_15,Circular,Hinge,2,21.4,35.1,7.8,10,6.82,5.72,1.1,3.3,7.6,4.9,8.9,3.8,5.6
ML_IR_181,Trapezoidal Asymmetric,Feather,2,81.4,38.6,12.2,13,42.78,41.6,1.18,6.5,12.8,3.8,10.1,3.2,8.7
ML_IR_182,Trapezoidal,Feather,2,80.4,43.8,10.2,13.2,44.82,40.88,3.94,11.5,12.5,4.9,10.8,3.9,6.2
ML_IR_183,Circular,Feather,2,63.7,52.5,10.8,14.6,43.71,37.49,6.22,9.3,13,6.4,12,6.6,10.1
ML_IR_185,Triangular Asymmetric,Feather,2,53.1,46.5,18.7,21.6,46.07,44.19,1.88,8.5,20.3,2.9,18.3,2.1,11.5
ML_IR_186,Triangular,Feather,2,51.2,41.6,13.2,13.8,30.2,27.41,2.79,7,11.6,6.6,13.6,7.1,12.3
ML_IR_187,Triangular,Feather,2,94.1,34.6,7.7,10.4,32,30.83,1.17,3.3,10.2,3.2,8,4.6,7.8
ML_IR_188,Circular,Feather,2,45.8,35.6,6.2,9.4,11.6,11.05,0.549999999999999,2.9,8.9,1.6,6.8,2,4.1
ML_IR_189,Triangular Asymmetric,Feather,2,43.7,42.7,12,12.3,13.96,13.23,0.73,3.4,8.8,2.9,11.7,2.9,9.9
ML_IR_190,Trapezoidal,Feather,2,60.8,27.5,6.4,6.4,13.4,12.61,0.790000000000001,3,5.8,2.6,6.4,2.9,4.9
ML_IR_191,Trapezoidal,Feather,2,48.2,39.3,4.2,7.2,12.11,10.83,1.28,3.2,4.9,4,4.1,3.8,4.1
ML_IR_192,Circular,Feather,2,28.7,53.4,9.8,11.3,14.36,13.78,0.58,2.4,10.9,3,10.6,2.5,9.9
ML_IR_193,Circular,Feather,2,30,37.1,8.4,9.6,11.36,10.76,0.6,1.7,6.9,2.8,9.4,4,9.2
ML_IR_194,Triangular,Feather,2,48.1,39,6.2,8.8,12,11.44,0.560000000000001,2.2,9.2,2.5,6.6,2,5.6
ML_IR_195,Triangular,Feather,2,41.7,40.1,9.2,10.2,12.23,11.64,0.59,2.8,10.4,3,9.6,2.6,7.3
ML_IR_196,Trapezoidal Asymmetric,Feather,3,68.4,44,6,8,24.08,21.95,2.13,6.8,7.2,3.1,5.1,3.5,5.5
ML_IR_197,Triangular Asymmetric,Feather,3,59.8,41,15.5,18.2,48.55,42.42,6.13,12.7,17.2,8,16.6,7.7,14.8
ML_IR_199,Triangular,Feather,3,76.4,53.8,18.1,19.1,83.17,69.35,13.82,12.3,18.1,17.6,18.4,12.9,16.1
ML_IR_200,Triangular Asymmetric,Feather,3,48.9,41.2,19.7,20.6,46.64,42.36,4.28,14.7,19.5,7,16.8,5.6,11.6
ML_IR_201,Triangular,Feather,3,62,48.7,8.8,9.4,28.74,25.25,3.49,7.1,10,4.7,9.3,4,8.5
ML_IR_202,Triangular,Feather,3,63.8,42.8,11.4,14,31.69,28.76,2.93,9,13.9,7.8,11.6,7.2,8.3
ML_IR_203,Triangular,Plunging,3,82.8,52.5,15.5,18.2,88.65,78.61,10.04,10.6,17.7,7.5,18.3,9.6,17.5
ML_IR_204,Trapezoidal,Feather,3,77.3,50,18.5,21.4,95.66,88,7.66,13.3,20.4,14.2,21.4,11.3,18
ML_IR_205,Triangular,Feather,3,60.5,42.1,13.8,16.3,42.44,38.48,3.96,8.3,15.6,7.1,13.7,6,9
ML_IR_206,Triangular Asymmetric,Feather,3,52.7,45.2,23.7,24.5,50.93,44.04,6.89,6.3,18.8,12.7,24.1,6,19.5
ML_IR_207,Triangular,Feather,3,74,31,11.7,13.6,36.46,33.12,3.34,9.9,13.3,8.5,11.7,7.4,9.8
ML_IR_208,Triangular Asymmetric,Feather,3,66,40.3,9.9,13.2,35.34,29.77,5.57,8.3,9.8,9.6,10.4,5.5,10.3
ML_IR_209,Triangular Asymmetric,Feather,3,61.1,53.3,22.6,23.2,78.7,68.71,9.99000000000001,12.7,22.7,9.7,21.4,10.2,17.4
ML_IR_210,Triangular,Feather,3,104,42.4,16.5,21,81.7,68.58,13.12,13.1,20.9,12.2,16.3,10.1,12
ML_IR_151,Trapezoidal,Feather,0,65.3,53.5,10.6,12.4,35.61,35.61,0,0,12.4,0,10.7,0,9.4
ML_IR_152,Trapezoidal Asymmetric,Feather,0,58.1,45.1,11,11.3,24.54,24.54,0,0,11.2,0,10.5,0,6.4
ML_IR_153,Circular,Feather,0,55.5,44.6,8.5,11.7,17.39,17.39,0,0,10.1,0,8,0,3.6
ML_IR_154,Triangular,Feather,0,57.4,33.9,6,7.2,10.68,10.68,0,0,5.8,0,6.2,0,5
ML_IR_155,Trapezoidal Asymmetric,Feather,0,78,51.7,28.9,29,94.12,94.12,0,0,20.7,0,29,0,20.9
ML_IR_156,Triangular,Feather,0,49.3,42.3,8.6,18.2,20.3,20.3,0,0,13.2,0,8.8,0,6.7
ML_IR_157,Triangular,Feather,0,46.2,43.6,17.1,20.1,29.1,29.1,0,0,18.7,0,15.2,0,11.4
ML_IR_158,Triangular,Feather,0,54.4,62.1,11.8,19.2,22.69,22.69,0,0,17.2,0,11.6,0,5.9
ML_IR_159,Trapezoidal,Feather,0,62.8,37.1,11.3,14.2,27.1,27.1,0,0,12.5,0,9.3,0,8.9
ML_IR_160,Triangular,Feather,0,42.5,41.5,9.1,14.2,12.73,12.73,0,0,12,0,8.6,0,5.9
ML_IR_161,Triangular,Feather,0,48.6,43,8.6,13.7,17.49,17.49,0,0,11.9,0,8.6,0,9.5
ML_IR_162,Triangular Asymmetric,Feather,0,60.5,31.4,12.2,13.7,24.47,24.47,0,0,12.1,0,12.5,0,7.7
ML_IR_163,Triangular,Feather,0,83,42,19.9,21.2,48.32,48.32,0,0,15.5,0,17.4,0,14.3
ML_IR_164,Triangular,Plunging,0,78.3,45.9,15.7,17.3,55.1,55.1,0,0,13.2,0,16.4,0,17.3
ML_IR_165,Triangular Asymmetric,Feather,0,91.5,46.3,25.7,28.9,94.45,94.45,0,0,21.5,0,25.1,0,21.6
ML_IR_181,Trapezoidal Asymmetric,Feather,3,82.2,35.6,11.6,13.2,42.78,40.39,2.39,6.7,12.6,4.6,10.6,3.9,8.5
ML_IR_182,Trapezoidal,Feather,3,79.9,43.5,10.8,14.1,44.82,39.9,4.92,8.5,12.7,7,9.8,5.4,6.6
ML_IR_183,Circular,Feather,3,64,45.8,11.8,13.6,43.71,34.11,9.6,11.9,13.6,6.7,12.1,6.9,9.9
ML_IR_185,Triangular Asymmetric,Feather,3,49.7,45.6,18.7,20.8,46.07,42.27,3.8,9.7,20.7,4.6,19.7,3.1,14
ML_IR_186,Triangular,Feather,3,51.1,40.3,12.6,13,30.2,25.74,4.46,8.7,11.5,8.9,12.8,8.6,12
ML_IR_188,Circular,Feather,3,43.1,34.9,6.8,9.2,11.6,10.8,0.799999999999999,3.5,8.7,2,6.7,2.1,5.1
ML_IR_189,Triangular Asymmetric,Feather,3,43.4,32.6,11.1,12.4,13.96,12.77,1.19,4.4,8.7,2.8,11.1,3.9,10.2
ML_IR_190,Trapezoidal,Feather,3,60.8,26.3,6.3,6.3,13.4,12.4,1,4,5.8,2.7,6.3,3.2,5.2
ML_IR_191,Trapezoidal,Feather,3,48.4,38.1,4.2,4.2,12.11,10.33,1.78,3.1,4.5,3.7,4.1,3.8,3.9
ML_IR_192,Circular,Feather,3,26.3,52.9,10.3,11.2,14.36,13.42,0.94,2.5,8.8,3.7,11,2.9,10.6
ML_IR_193,Circular,Feather,3,29.8,34.1,7.9,9.7,11.36,10.39,0.969999999999999,3,9.1,3.2,9.1,3.4,9.4
ML_IR_194,Triangular,Feather,3,48.4,38.5,6.3,9.6,12,11.15,0.85,2.5,9,2.5,6.2,2.8,5.5
ML_IR_195,Triangular,Feather,3,41.4,40.5,8.6,10.3,12.23,11.21,1.02,3,10.7,4.2,9.4,3.1,7.4
ML_IR_151,Trapezoidal,Feather,1,65.5,51.2,10.5,13.6,35.61,35.26,0.350000000000001,2.9,10.6,1.7,9.8,2.2,6.7
ML_IR_152,Trapezoidal Asymmetric,Feather,1,52,45.2,10.9,11.3,24.54,24.18,0.359999999999999,3,10.7,3.3,11.3,1.9,8.2
ML_IR_153,Circular,Feather,1,57.5,43.4,7.4,11.3,17.39,17.18,0.210000000000001,2.7,7.9,2.7,3.6,1.7,2.7
ML_IR_154,Triangular,Feather,1,57.8,30.1,5.9,6.4,10.68,10.49,0.19,2,4.6,1.5,6,0.6,6.3
ML_IR_155,Trapezoidal Asymmetric,Feather,1,78.5,52,27.4,28.7,94.12,92.21,1.91000000000001,8.9,27.6,8.2,25.5,11.7,20.7
ML_IR_156,Triangular,Feather,1,50.6,40.8,8.6,18.5,20.3,20,0.300000000000001,2.5,8.8,2.9,7.4,3.1,5.7
ML_IR_157,Triangular,Feather,1,46.2,41.8,17.3,19.7,29.1,28.52,0.580000000000002,2.3,18.3,3.1,17.3,4.4,11.3
ML_IR_158,Triangular,Feather,1,58.1,39.2,9.7,19.2,22.69,20.26,2.43,2.4,15.6,2.2,10.7,1.8,9
ML_IR_159,Trapezoidal,Feather,1,62.8,34.1,9.3,14.1,27.1,26.47,0.630000000000003,2.3,11.5,4.9,9.4,3.1,8.8
ML_IR_160,Triangular,Feather,1,37.6,38.7,10.3,13.6,12.73,12.48,0.25,0.9,12.4,1.6,10.7,1.9,6.2
ML_IR_161,Triangular,Feather,1,55.8,32.9,8.8,11.9,17.49,17.12,0.369999999999997,1.7,11.4,1.8,8.7,4.2,9.8
ML_IR_162,Triangular Asymmetric,Feather,1,61.2,31.5,12.1,12.9,24.47,24.02,0.449999999999999,2.2,12.5,2.4,12.1,2.5,8.9
ML_IR_163,Triangular,Feather,1,80.9,43,18.6,21.2,48.32,47.54,0.780000000000001,2.4,18.8,3.4,17.9,3.5,13.6
ML_IR_164,Triangular,Plunging,1,81,42.9,15.7,16.3,55.1,54.14,0.960000000000001,5.3,15.9,4.4,16.1,4.8,16.9
ML_IR_165,Triangular Asymmetric,Feather,1,91.4,44.2,26.3,29.5,94.45,93.28,1.17,5.5,26.8,3.5,23,6.2,20.7
ML_IR_01,Triangular,Feather,3,41.4,22.6,8.4,9.2,9.4,8.24,1.16,4.8,9.3,4.6,8.2,3.3,5.9
ML_IR_02,Triangular,Feather,3,43.3,29.3,8.4,16.5,13.28,11.87,1.41,3.2,11.9,2.7,7.8,4.3,6
ML_IR_03,Triangular Asymmetric,Feather,3,31.8,39.3,16.9,16.9,13.04,12.2,0.84,1.7,7,4.1,15.4,2.7,8.6
ML_IR_04,Triangular,Feather,3,32.3,36,10.6,11.2,14.4,11.9,2.5,6.5,11.5,6.5,10.7,5.1,6.8
ML_IR_05,Triangular,Feather,3,48.9,30.8,12.9,14.5,21.11,18.38,2.73,4.8,14.2,5.3,11,6.3,8.8
ML_IR_06,Triangular Asymmetric,Feather,3,48.4,30.5,11.2,11.3,17.08,15.06,2.02,7.8,11,7.4,11,6,9
ML_IR_07,Trapezoidal,Feather,3,43.7,25.6,8.5,11.7,15.75,13.63,2.12,6.9,10.2,6.7,10.1,4.6,7
ML_IR_08,Triangular,Hinge,3,49.5,25.6,14.8,19.5,25.49,19.71,5.78,12.7,17.9,11.3,15.2,9.7,13.2
ML_IR_09,Circular,Feather,3,38.3,24.1,6.1,7.1,8.78,6.24,2.54,4.9,7,3.3,5.8,2.5,3.9
ML_IR_10,Trapezoidal Asymmetric,Feather,3,31.5,24.7,10.1,11.8,10.15,8.71,1.44,6.4,10.3,6.5,10.5,5.6,7.4
ML_IR_11,Triangular,Feather,3,52,27.4,5.7,6.1,10.8,9.33,1.47,5.1,6.4,4,5.8,2,5.9
ML_IR_12,Triangular,Feather,3,43.6,28.3,9.1,13.8,13.47,11.56,1.91,7.2,11.2,4.3,8,4.1,5.9
ML_IR_13,Trapezoidal Asymmetric,Hinge,3,52.4,33.1,13,13.4,28.82,24.34,4.48,10.9,14.9,8,13.1,6,8.6
ML_IR_14,Trapezoidal,Feather,3,39.3,34,4.5,6.1,5.8,5.54,0.26,1.8,6.2,1.4,5.5,1.9,3.1
ML_IR_15,Circular,Hinge,3,20.8,36.5,7.1,9.8,6.82,5.22,1.6,2.5,7,5.2,7.9,4,6
ML_IR_151,Trapezoidal,Feather,2,61.6,54.2,9.8,10.6,35.61,34.33,1.28,3.8,10.9,3.2,10.4,5.3,9.8
ML_IR_152,Trapezoidal Asymmetric,Feather,2,52.2,44.7,10.8,11.2,24.54,23.52,1.02,4.6,11.1,4.3,11,3.2,7.8
ML_IR_153,Circular,Feather,2,54,42.4,8.2,11.3,17.39,16.62,0.77,2.2,8.5,4.4,5.3,2.2,2.7
ML_IR_154,Triangular,Feather,2,57.7,33.4,6,6.4,10.68,10.31,0.369999999999999,1.5,6.3,1.4,6.2,2.3,5.3
ML_IR_155,Trapezoidal Asymmetric,Feather,2,74.7,58.4,27.4,30.2,94.12,89.4,4.72,11.3,30.1,19.1,25.8,8.8,15.8
ML_IR_156,Triangular,Feather,2,48.2,40.1,8.8,17.6,20.3,19.12,1.18,4.6,11.6,5.2,8.8,3.9,7.2
ML_IR_157,Triangular,Feather,2,39.2,40.6,16.2,19.1,29.1,27.48,1.62,4.4,18.3,5.4,16.2,6,11.5
ML_IR_158,Triangular,Feather,2,46.8,39,11.1,19.2,22.69,19.51,3.18,3.3,16,3,10.8,3.1,7.4
ML_IR_159,Trapezoidal,Feather,2,62.9,33.3,10.3,14.3,27.1,25.89,1.21,6,14.1,7,11.1,4.8,8.8
ML_IR_160,Triangular,Feather,2,37.1,36.7,10.4,13.5,12.73,12.02,0.710000000000001,1.5,12.6,3,11.6,3.1,7.5
ML_IR_161,Triangular,Feather,2,50.2,41.6,8,12.5,17.49,16.75,0.739999999999998,3.4,12.2,2.3,8.5,5.9,10.1
ML_IR_162,Triangular Asymmetric,Feather,2,59.5,29.5,12.5,13,24.47,23.05,1.42,4.1,10.4,4,13,5.5,11
ML_IR_163,Triangular,Feather,2,82.9,31,20.2,20.7,48.32,46.07,2.25,5.2,16.8,6.5,18.9,5.7,15.4
ML_IR_164,Triangular,Plunging,2,76.4,40.5,15.8,16.9,55.1,51.87,3.23,7.1,16.6,8.7,16.4,6.5,13.7
ML_IR_165,Triangular Asymmetric,Feather,2,99.1,36.1,24.7,29.3,94.45,89.55,4.90000000000001,7,26.8,9.2,25.8,11,21.4
ML_IR_166,Circular,Step,0,57.5,41.6,7.6,13.3,26.68,26.68,0,0,9.7,0,8.2,0,10.1
ML_IR_167,Triangular Asymmetric,Feather,0,46.6,38,18.9,19.4,19.68,19.68,0,0,13.6,0,17.4,0,11.7
ML_IR_168,Trapezoidal Asymmetric,Feather,0,34.5,44.7,9.6,9.6,11.26,11.26,0,0,9.5,0,8.7,0,4.5
ML_IR_169,Triangular,Feather,0,46,44.6,7.7,10.2,16.85,16.85,0,0,8.8,0,7.5,0,5.6
ML_IR_170,Triangular,Feather,0,62.7,68.7,19.2,19.6,71.73,71.73,0,0,19.7,0,17.1,0,13.4
ML_IR_171,Triangular,Feather,0,61.6,64.7,10,12.1,33.44,33.44,0,0,12,0,9.1,0,6.1
ML_IR_172,Circular,Feather,0,59.5,46.5,13.6,17.2,43.55,43.55,0,0,16.9,0,12.4,0,10.9
ML_IR_173,Triangular,Feather,0,50.9,58.7,10,12.2,28.82,28.82,0,0,12.2,0,9.1,0,11.3
ML_IR_174,Circular,Hinge,0,64.3,69.1,26.3,26.3,100.32,100.32,0,0,24.7,0,22.7,0,15
ML_IR_175,Triangular,Feather,0,47.2,55.2,11.4,21.1,33.31,33.31,0,0,19,0,10.5,0,7.3
ML_IR_176,Triangular,Feather,0,77.5,53.2,7.9,13.4,31.85,31.85,0,0,10.2,0,9.1,0,11
ML_IR_177,Triangular,Hinge,0,51.1,52.5,16.2,17.2,43.1,43.1,0,0,17.3,0,16.7,0,13.2
ML_IR_178,Triangular,Feather,0,58.8,40.7,9.1,10.5,14.73,14.73,0,0,7.3,0,8.6,0,7.2
ML_IR_179,Triangular,Hinge,0,53.5,34.4,9.3,11,20.78,20.78,0,0,11,0,9.7,0,10
ML_IR_180,Triangular,Feather,0,65.6,45.5,11.6,12.6,28,28,0,0,10.7,0,12,0,12.6
ML_IR_166,Circular,Step,1,58.1,36.4,7.8,13.3,26.68,24.91,1.77,7.4,9,4.8,7.8,4,9.3
ML_IR_167,Triangular Asymmetric,Feather,1,47,33.7,19.1,19.1,19.68,18.72,0.960000000000001,3.4,17,6.2,18.8,3.9,14.1
ML_IR_168,Trapezoidal Asymmetric,Feather,1,34.8,38.8,9.8,9.7,11.26,10.76,0.5,2.7,9.5,3.1,9.1,1.2,8.2
ML_IR_169,Triangular,Feather,1,46.7,45.4,7.6,10.4,16.85,16.28,0.57,3.6,8.5,1.9,8.3,3.2,5.7
ML_IR_170,Triangular,Feather,1,59,69.6,19.5,19.5,71.73,69.8,1.93000000000001,2.6,19.7,4.8,18.2,7,17.5
ML_IR_171,Triangular,Feather,1,57.8,64,11.5,12.1,33.44,32.92,0.519999999999996,1.6,12.2,1.9,9.2,2.3,6
ML_IR_172,Circular,Feather,1,58.9,49.2,12.8,17.4,43.55,42.85,0.699999999999996,4.2,16.8,5.3,12.4,2.7,11.1
ML_IR_173,Triangular,Feather,1,53.1,47.7,10.3,11.4,28.82,27.2,1.62,7.8,11.5,5.6,11.1,5.2,10.3
ML_IR_174,Circular,Hinge,1,64,62.7,26.4,26.4,100.32,87.35,12.97,16.7,21.8,15,26,12.5,17.7
ML_IR_175,Triangular,Feather,1,45.2,55,12.5,20.6,33.31,32.91,0.400000000000006,1.3,14.1,2.5,11.7,3.3,11.3
ML_IR_176,Triangular,Feather,1,71.2,39.5,8.4,13.1,31.85,30.29,1.56,2.4,8.2,6.9,8.6,6.3,13.4
ML_IR_177,Triangular,Hinge,1,53.7,52.1,16.4,19.7,43.1,41.43,1.67,2.7,17.2,4.7,16.2,10.1,15.9
ML_IR_178,Triangular,Feather,1,57.6,39,8.6,10.7,14.73,14.31,0.42,3,9.7,2,8.5,2.1,7.8
ML_IR_179,Triangular,Hinge,1,53.9,29.8,9.5,13.9,20.78,20.24,0.540000000000003,3.1,10.9,2.3,10.1,5.4,10
ML_IR_180,Triangular,Feather,1,68.1,39.8,12,12.3,28,27.26,0.739999999999998,4,11.8,3.8,12.2,2.7,12.2
ML_IR_136,Triangular Asymmetric,Feather,4,55.5,30.6,10,13.2,23.35,18.35,5,11,12.3,6.5,9.3,7.1,8.9
ML_IR_137,Triangular Asymmetric,Feather,4,85.3,59.5,24.9,25.3,110.35,94.63,15.72,21.3,25.3,12.4,17.7,6.3,9.6
ML_IR_139,Trapezoidal,Feather,4,63.8,37.3,11.1,13.2,33.64,28.06,5.58,10.9,11.7,8.5,11.9,8.6,13
ML_IR_140,Trapezoidal,Feather,4,44.4,37,8.4,10.6,17.08,13.98,3.1,6.2,9.3,6.3,10.5,5.5,6.6
ML_IR_141,Triangular Asymmetric,Feather,4,55.3,28.9,11.5,14.3,26.05,20.31,5.74,9.7,13.6,7.4,12.4,7.1,8.3
ML_IR_142,Triangular Asymmetric,Feather,4,60.8,29.8,11.8,13.2,34.43,26.91,7.52,10.4,16.8,6.8,12.4,7.3,12.3
ML_IR_143,Circular,Hinge,4,74.3,40.5,11.8,20.3,57.97,48.92,9.05,11.3,20.3,8.9,11.2,10,11.3
ML_IR_145,Triangular,Feather,4,75.1,29.5,12,16.5,33.27,29.07,4.2,9.2,15.9,8.9,12.5,5,9.6
ML_IR_148,Triangular,Hinge,4,61.7,36.3,15.3,20.1,48.57,38.86,9.71,11.6,19.3,10.4,16.1,8,13.1
ML_IR_149,Triangular,Feather,4,45.2,35.3,14.2,16.6,21.67,17.69,3.98,8.8,16.2,5.5,13.6,5.4,11.3
ML_IR_150,Triangular,Feather,4,34.6,32.8,10.4,13.2,11.46,10.17,1.29,5.4,12.8,4.6,11.4,5.3,9.9
ML_IR_196,Trapezoidal Asymmetric,Feather,4,68.6,43,5.7,7.3,24.08,20,4.08,5.1,7.1,4.4,4.9,4.2,5.7
ML_IR_197,Triangular Asymmetric,Feather,4,56.3,39.4,16.3,17.7,48.55,35.5,13.05,14.5,18.7,10.5,16.7,13.9,14.6
ML_IR_199,Triangular,Feather,4,72.4,48.2,16.2,20.6,83.17,55.81,27.36,14,17.6,16,16.7,12.7,16.2
ML_IR_200,Triangular Asymmetric,Feather,4,48.1,34.9,19.8,19.8,46.64,37.65,8.99,15.1,20.3,14.2,19.9,10.7,14.2
ML_IR_201,Triangular,Feather,4,56.2,38,9.2,10.6,28.74,22.11,6.63,8.2,8.9,7.1,9.7,9.5,10.8
ML_IR_202,Triangular,Feather,4,59.8,39.3,11.9,13.6,31.69,25.03,6.66,10.1,14,10.7,13.2,6.4,7.6
ML_IR_203,Triangular,Plunging,4,81,52,17.2,17.4,88.65,70.32,18.33,12.4,17.1,12,17.3,12.4,16.9
ML_IR_204,Trapezoidal,Feather,4,78.4,45.9,19.1,19.2,95.66,78.89,16.77,15.9,19.2,14.7,18.7,13.6,18.2
ML_IR_205,Triangular,Feather,4,58.5,38.4,13.9,16.2,42.44,35.48,6.96,7.5,14.2,9.3,14.6,6.1,11.6
ML_IR_206,Triangular Asymmetric,Feather,4,52.8,42.8,24.6,24.6,50.93,41.05,9.88,10.1,19.8,16.3,23.9,10.7,19.3
ML_IR_207,Triangular,Feather,4,73.5,29,11.6,13.4,36.46,29.61,6.85,9.6,13,8.5,11.7,9.3,10.6
ML_IR_208,Triangular Asymmetric,Feather,4,66.5,34.2,11,13.3,35.34,24.65,10.69,6.1,7.9,9.7,10.4,7,10.8
ML_IR_209,Triangular Asymmetric,Feather,4,53.5,48.1,21.5,23.3,78.7,56.47,22.23,17.4,23.3,14.4,23.1,15.2,17.1
ML_IR_210,Triangular,Feather,4,104.2,39.3,14.8,21,81.7,59.65,22.05,13.7,20.5,13,14.1,8.8,9.7
ML_IR_121,Triangular,Feather,0,36.5,38.6,14.6,14.8,17.67,17.67,0,0,11.5,0,14.2,0,12.4
ML_IR_122,Triangular,Feather,0,53,17.4,5,6.2,5.06,5.06,0,0,6.1,0,5,0,3.9
ML_IR_123,Triangular,Feather,0,28.5,20.6,4.9,6.6,2.64,2.64,0,0,6.5,0,4.6,0,3.3
ML_IR_124,Triangular,Feather,0,42.6,43,10,13.8,18.39,18.39,0,0,10.5,0,10.1,0,11.5
ML_IR_125,Circular,Feather,0,63.2,79.5,17.8,18.4,89.37,89.37,0,0,17.8,0,16.6,0,13
ML_IR_126,Triangular,Feather,0,100.9,85.5,34.7,34.8,166.83,166.83,0,0,31,0,34.6,0,25.8
ML_IR_127,Triangular Asymmetric,Feather,0,81.2,71.8,19.2,26,142.74,142.74,0,0,24.8,0,20.6,0,14.6
ML_IR_128,Triangular Asymmetric,Feather,0,72.8,83.3,24.5,27,119.6,119.6,0,0,22.7,0,25.2,0,21.4
ML_IR_129,Triangular,Feather,0,94.1,83.1,34,36,200.86,200.86,0,0,28.8,0,32.6,0,23.6
ML_IR_130,Triangular Asymmetric,Feather,0,70.5,70.6,21.8,25,101.18,101.18,0,0,23.7,0,22.2,0,22.1
ML_IR_131,Triangular Asymmetric,Feather,0,70.8,57.8,24,29.7,70.11,70.11,0,0,27.6,0,23.7,0,17.8
ML_IR_132,Triangular,Feather,0,54.4,32.1,21.6,22.9,46.32,46.32,0,0,21,0,21.2,0,17.7
ML_IR_133,Circular,Feather,0,78.8,72.6,26,28.5,141.45,141.45,0,0,25.6,0,20.9,0,10.6
ML_IR_134,Triangular Asymmetric,Feather,0,75.9,68.3,17.5,19.9,80.31,80.31,0,0,19,0,17.4,0,16.2
ML_IR_135,Trapezoidal,Feather,0,81.1,53.3,17.4,18.8,63.46,63.46,0,0,18.3,0,15.7,0,13.6
ML_IR_121,Triangular,Feather,1,32,37.8,14.8,14.8,17.67,13.82,3.85,6.7,12.1,11.7,14.8,7.9,9.5
ML_IR_122,Triangular,Feather,1,53.3,16.9,5.2,6.1,5.06,4.92,0.14,2.5,5.9,1.2,4.6,1.4,4.5
ML_IR_123,Triangular,Feather,1,25.6,18.9,6.1,6.7,2.64,2.51,0.13,0.5,5.8,0.8,4.3,1.6,3.3
ML_IR_124,Triangular,Feather,1,35.3,43,12.2,14.3,18.39,13.32,5.07,8.2,12.9,8.2,11,4.4,6.8
ML_IR_125,Circular,Feather,1,53.7,77.9,17.6,19,89.37,85.3,4.07000000000001,8.6,13.7,9.2,19,4.9,14.3
ML_IR_126,Triangular,Feather,1,103.7,73.8,34.9,35.2,166.83,158.25,8.58000000000001,5.9,34.5,11.6,31.6,10.6,18
ML_IR_127,Triangular Asymmetric,Feather,1,82,65.2,23,25.3,142.74,138.64,4.10000000000002,6.7,25.1,2.4,20.4,9.3,15
ML_IR_128,Triangular Asymmetric,Feather,1,69.3,83.2,25.6,28.1,119.6,108,11.6,9.6,17.4,10.2,22.4,10,25.3
ML_IR_129,Triangular,Feather,1,95,66,34.2,36,200.86,175.83,25.03,13.7,32,21,32.6,20.2,35.7
ML_IR_130,Triangular Asymmetric,Feather,1,72,57.8,21.8,25.4,101.18,92.51,8.67,10.1,24.8,12.6,23.5,10.6,22.6
ML_IR_131,Triangular Asymmetric,Feather,1,70.6,49.5,22.5,28.2,70.11,67.7,2.41,6.2,23.1,1.9,23.5,4,17.7
ML_IR_132,Triangular,Feather,1,54.8,30.3,22.5,22.5,46.32,42.73,3.59,8,20.7,10.5,22.4,8.8,18.1
ML_IR_133,Circular,Feather,1,76.5,82.7,29.1,29.1,141.45,139.2,2.25,5.3,22.8,5,25.8,4.9,28.6
ML_IR_134,Triangular Asymmetric,Feather,1,77,53.7,15.6,18.7,80.31,69.35,10.96,8,18.7,3.8,15.7,5.7,16.3
ML_IR_135,Trapezoidal,Feather,1,80.8,45.3,15.4,17.5,63.46,58.46,5,3.6,17.2,4.5,16.1,12.1,16.8
ML_IR_196,Trapezoidal Asymmetric,Feather,5,67.2,38.2,4.7,6.2,24.08,17.85,6.23,6.6,7,4.1,4.6,5.4,6
ML_IR_197,Triangular Asymmetric,Feather,5,55.1,36.3,16.3,18.3,48.55,29.25,19.3,14.5,15.5,12.6,16.6,13.3,14.3
ML_IR_199,Triangular,Feather,5,69.1,43.8,16.4,18.2,83.17,50.71,32.46,16.2,18.2,15.7,17.1,15,16
ML_IR_200,Triangular Asymmetric,Feather,5,47.1,30.5,19.2,19.7,46.64,30.47,16.17,15.8,19.5,17.2,19.9,15.2,18.2
ML_IR_201,Triangular,Feather,5,55.8,34.2,8.8,9.8,28.74,17.28,11.46,7.1,7.8,8.1,8.6,9,10
ML_IR_202,Triangular,Feather,5,65.3,31,11.9,13.7,31.69,21.69,10,12.1,12.7,11,12.2,6.8,8
ML_IR_203,Triangular,Plunging,5,82.6,43.8,16.5,17.7,88.65,63.47,25.18,11.5,16.8,11.5,17.3,14.7,17.7
ML_IR_204,Trapezoidal,Feather,5,76.1,40.4,19.3,19.9,95.66,70.47,25.19,17.2,19.8,16,19,12.7,18.5
ML_IR_205,Triangular,Feather,5,56.7,35.4,16.7,16.8,42.44,32.11,10.33,10.6,14.7,10,14.7,9.5,12.1
ML_IR_206,Triangular Asymmetric,Feather,5,49.5,34.7,24.1,24.1,50.93,37.57,13.36,9.3,21.8,14.6,24.1,10.5,19.4
ML_IR_207,Triangular,Feather,5,71.6,27,11.7,13.7,36.46,27.23,9.23,10.9,13.5,8.9,11.9,8.9,10.1
ML_IR_208,Triangular Asymmetric,Feather,5,58,32.2,9.6,13.4,35.34,21.52,13.82,6.1,7.8,10.3,10.8,8.7,13.4
ML_IR_209,Triangular Asymmetric,Feather,5,48.2,45.8,22.3,22.3,78.7,49.98,28.72,18.4,22.2,17.7,22.4,15.3,20.3
ML_IR_166,Circular,Step,2,58.7,31.5,7.7,12.7,26.68,22.59,4.09,8.7,9.1,5.7,7.8,6.8,9.2
ML_IR_167,Triangular Asymmetric,Feather,2,44.6,36.2,18.9,18.9,19.68,17.41,2.27,4.6,17.3,7.7,18.7,2.2,14.9
ML_IR_168,Trapezoidal Asymmetric,Feather,2,28.1,38.5,9.7,9.8,11.26,9.88,1.38,5.5,9.6,4.8,9.8,3.2,9.6
ML_IR_169,Triangular,Feather,2,45.8,35.3,7.7,10.3,16.85,15.18,1.67,3.7,10,3.8,7.9,3.7,6
ML_IR_170,Triangular,Feather,2,55,57.7,19.8,20,71.73,63.69,8.04000000000001,9.4,18.2,8.1,18.7,13.5,18.1
ML_IR_171,Triangular,Feather,2,49.5,63.8,11.9,12.2,33.44,29.78,3.66,2.8,12.2,3.7,11.3,5.1,8.9
ML_IR_172,Circular,Feather,2,57.4,41.1,13.4,17.1,43.55,36.73,6.82,12.1,16.7,9.3,13.1,7.6,11.1
ML_IR_173,Triangular,Feather,2,52.9,41.1,10.1,11.5,28.82,25.05,3.77,9,11.7,8,10.7,6.8,11.3
ML_IR_174,Circular,Hinge,2,61,59.1,25.7,26.5,100.32,72.97,27.35,19.2,22.2,22.9,26.2,15.9,21.8
ML_IR_175,Triangular,Feather,2,41.8,48.5,12.8,21.4,33.31,30.19,3.12,7.7,17.7,5.7,14.8,4.4,9.6
ML_IR_176,Triangular,Feather,2,70.5,39,8.3,13.2,31.85,27.4,4.45,5.4,9.1,5,8.4,10.6,12.6
ML_IR_177,Triangular,Hinge,2,50,45.6,16.4,20.2,43.1,36.24,6.86,8.2,17.4,9.7,17.1,11.6,15.4
ML_IR_179,Triangular,Hinge,2,54.4,26.1,9.7,13.4,20.78,18.67,2.11,5.9,11.6,4.7,9.7,6.2,9.9
ML_IR_180,Triangular,Feather,2,68.4,36.8,11.9,12.3,28,25.2,2.8,7.6,9.2,4.9,12.1,4.4,11.8
ML_IR_181,Trapezoidal Asymmetric,Feather,4,81.8,34.1,12.9,13.6,42.78,37.05,5.73,8.9,12.9,6,11.9,5.7,9.2
ML_IR_182,Trapezoidal,Feather,4,78.2,40.8,9.7,13,44.82,34.55,10.27,9.2,12.6,9.1,10.3,6.2,7.4
ML_IR_185,Triangular Asymmetric,Feather,4,48.5,41,19.2,20.7,46.07,37.57,8.5,12,21,11.1,19.9,7.8,13.4
ML_IR_188,Circular,Feather,4,43.3,30.7,7,9.8,11.6,10.29,1.31,3.6,8.8,3,7.1,2.3,4.7
ML_IR_189,Triangular Asymmetric,Feather,4,42.5,29.2,12.4,12.4,13.96,11.74,2.22,5.7,8.5,4.4,11.1,7.6,10.8
ML_IR_190,Trapezoidal,Feather,4,61.1,26,6.2,6.4,13.4,11.54,1.86,4.7,5.9,3.6,6.3,3.4,5.9
ML_IR_191,Trapezoidal,Feather,4,48.2,35.7,3.9,5.1,12.11,9.43,2.68,3.2,4.4,3.9,3.9,2.9,3.2
ML_IR_192,Circular,Feather,4,25.3,49.2,10.5,11.4,14.36,12.31,2.05,3.7,11.4,5,10.7,4.3,9.8
ML_IR_193,Circular,Feather,4,25.5,31.2,8.9,9.6,11.36,9.27,2.09,4.7,9.7,4.6,8.9,3.8,8.3
ML_IR_136,Triangular Asymmetric,Feather,5,51.8,27.7,10.2,10.6,23.35,16,7.35,11,11.6,8.5,10.1,8,9
ML_IR_137,Triangular Asymmetric,Feather,5,86,57.8,25.5,26,110.35,84.89,25.46,8.8,19.7,23.4,26,11.3,14.8
ML_IR_139,Trapezoidal,Feather,5,64.6,37,12.8,13.3,33.64,26.54,7.1,10.8,12.7,11.5,11.9,7.4,13.4
ML_IR_140,Trapezoidal,Feather,5,39.7,43.1,10.6,10.6,17.08,12.45,4.63,7.6,8.4,8.4,10,5.3,6.3
ML_IR_142,Triangular Asymmetric,Feather,5,61.6,28.1,11.7,13.5,34.43,21.95,12.48,12,13.1,10.9,13.2,7.7,12.7
ML_IR_145,Triangular,Feather,5,72.2,29.2,11.3,16.6,33.27,27.19,6.08,12.7,16.2,8.5,11.6,7.4,9.3
ML_IR_148,Triangular,Hinge,5,61.7,40.6,15.1,21.9,48.57,34.49,14.08,13.3,19.1,10.8,15.8,9,12.6
ML_IR_149,Triangular,Feather,5,43.4,31.6,14.6,16.3,21.67,14.68,6.99,12.2,16.3,9.7,14.1,7.2,12
ML_IR_01,Triangular,Feather,4,37.5,19.6,9.2,9.9,9.4,7.01,2.39,7.9,9.3,6.4,8.6,6.5,8.4
ML_IR_02,Triangular,Feather,4,42.8,28,9,17.4,13.28,10.82,2.46,5.7,12.3,3,8.3,5.2,6.1
ML_IR_03,Triangular Asymmetric,Feather,4,29.7,36.1,16.7,16.7,13.04,11.45,1.59,3.2,14.4,4.9,11.4,4.6,8.2
ML_IR_04,Triangular,Feather,4,30.3,32.1,11.1,11.5,14.4,9.52,4.88,8.5,11.5,10.3,10.8,4.9,8
ML_IR_05,Triangular,Feather,4,47,29.2,13.3,14.8,21.11,15.29,5.82,9,14.8,8.1,12.4,8.4,9
ML_IR_06,Triangular Asymmetric,Feather,4,46.5,31.4,11,11.1,17.08,12.77,4.31,8.3,10.1,8.9,11,6.7,8.7
ML_IR_07,Trapezoidal,Feather,4,41.3,23.1,9.6,12.2,15.75,12.31,3.44,7.3,10.4,6.3,8.8,6.6,6.9
ML_IR_08,Triangular,Hinge,4,51.3,23.5,16.3,18.8,25.49,16.79,8.7,13.2,17.5,13.5,15.4,9.3,12.2
ML_IR_09,Circular,Feather,4,38.3,21.1,5.4,8.1,8.78,5.5,3.28,5.3,7.1,4.8,6,3,4.5
ML_IR_10,Trapezoidal Asymmetric,Feather,4,33.6,24.8,10.5,12.5,10.15,7.65,2.5,7.8,10.2,9.5,10.4,6.1,8.6
ML_IR_11,Triangular,Feather,4,54,24.3,5.6,6.7,10.8,8.13,2.67,5.2,6.4,5.1,5.7,3.5,6.2
ML_IR_12,Triangular,Feather,4,44.2,23.4,9.5,14.1,13.47,9.77,3.7,9.6,11.5,5.4,7.9,4.5,6.6
ML_IR_13,Trapezoidal Asymmetric,Hinge,4,51.9,26.8,14.5,15.1,28.82,21.42,7.4,11.6,13.8,11.3,13.5,8.1,9.9
ML_IR_14,Trapezoidal,Feather,4,34.9,23.7,5.2,6.2,5.8,5.13,0.67,2.7,5.8,1.9,4.6,1.9,3.2
ML_IR_15,Circular,Hinge,4,18.1,30.9,7.6,10.4,6.82,4.24,2.58,6.4,7.3,7,7.5,4.8,6
ML_IR_151,Trapezoidal,Feather,3,62.3,42,9.7,13.4,35.61,31.64,3.97,8.5,12.5,4.5,9.8,9.2,10.1
ML_IR_152,Trapezoidal Asymmetric,Feather,3,54.9,47.2,11.2,11.2,24.54,21.15,3.39,7,10.9,7.4,11.2,6.2,7.7
ML_IR_153,Circular,Feather,3,42.9,39.8,9.4,11.3,17.39,15.32,2.07,5.2,9.5,3.4,8.1,4.4,5.8
ML_IR_154,Triangular,Feather,3,57.1,29.2,6.4,6.4,10.68,10,0.68,2,5.8,1.8,6.2,2.9,5.1
ML_IR_155,Trapezoidal Asymmetric,Feather,3,73.5,62,30.1,30.2,94.12,72.64,21.48,17.5,20.5,22.4,30.2,18.1,22.1
ML_IR_156,Triangular,Feather,3,48.5,40.3,9.2,18.7,20.3,18.13,2.17,5,13.2,5.5,8.9,6.4,7.7
ML_IR_157,Triangular,Feather,3,40,38.1,17.9,19.9,29.1,25.05,4.05,9.7,18.3,7,17.1,8.8,14.1
ML_IR_158,Triangular,Feather,3,54.2,36.8,11.1,19.4,22.69,17.94,4.75,7,15.9,5.8,10.7,3.9,6.6
ML_IR_159,Trapezoidal,Feather,3,62.2,31.5,11,13.2,27.1,24.51,2.59,5.7,13,7.2,9.1,8,8.5
ML_IR_160,Triangular,Feather,3,32.6,34.4,12.3,13.5,12.73,11.2,1.53,2.4,12.4,4.2,11.2,3.8,8.1
ML_IR_161,Triangular,Feather,3,47.1,44.8,8.8,12.3,17.49,15.52,1.97,6.6,11.8,2.7,8.7,7.2,9.9
ML_IR_162,Triangular Asymmetric,Feather,3,59.2,27,12.6,13.1,24.47,21.05,3.42,6.4,10.7,6.7,12.6,5.3,11
ML_IR_163,Triangular,Feather,3,77.2,31,19.2,20.1,48.32,38.49,9.83,10.7,18,15.1,20.1,12.8,13.1
ML_IR_164,Triangular,Plunging,3,78.6,37,16,17.2,55.1,48.33,6.77,10.1,14.7,13.8,16.2,12.1,16.4
ML_IR_165,Triangular Asymmetric,Feather,3,98.7,36.6,25.7,28.9,94.45,80.63,13.82,14.1,26.2,13.1,26.6,15.2,21.7
ML_IR_121,Triangular,Feather,2,28.9,33.2,14.9,14.9,17.67,11.26,6.41,9.9,10.4,13,14.8,8.6,10.1
ML_IR_124,Triangular,Feather,2,28.8,35.1,11.3,14.6,18.39,10.93,7.46,9.2,12.2,9.5,12.2,7.5,9.5
ML_IR_125,Circular,Feather,2,46.8,74.5,18.8,19.1,89.37,73.59,15.78,11.7,14.7,15.1,17.6,12.6,15.1
ML_IR_126,Triangular,Feather,2,95.3,63.8,31.6,32.2,166.83,115.53,51.3,19.6,24.1,28.1,31,22,26
ML_IR_127,Triangular Asymmetric,Feather,2,79.2,60.4,22.4,25,142.74,131.69,11.05,10.2,25,6.1,20.2,11.8,14.9
ML_IR_129,Triangular,Feather,2,94.6,60.6,33.5,35.8,200.86,155.86,45,19.5,30,26,34.1,29.2,35.9
ML_IR_130,Triangular Asymmetric,Feather,2,68.2,60.9,21.2,22.9,101.18,86.33,14.85,12.1,24.1,13.5,22.8,11.3,22.5
ML_IR_131,Triangular Asymmetric,Feather,2,60.4,43,23.1,28.5,70.11,62.33,7.78,11.7,25.6,6,24.7,7.5,17.6
ML_IR_132,Triangular,Feather,2,54.4,26.6,22.4,22.6,46.32,40.78,5.54,8.8,21,10.8,21.2,13,19.1
ML_IR_133,Circular,Feather,2,63,71.5,28.4,28.4,141.45,113.37,28.08,5.7,19.5,12.6,28.1,18.7,22.1
ML_IR_134,Triangular Asymmetric,Feather,2,71,53.3,16.3,19,80.31,65.68,14.63,11.1,19.4,13.4,16.4,9,16.8
ML_IR_135,Trapezoidal,Feather,2,81.3,43,15.4,18,63.46,55.34,8.12,5.8,17.7,4,15.8,12.4,15.2
ML_IR_151,Trapezoidal,Feather,4,58.5,37.5,9.6,13,35.61,29.49,6.12,8.4,12.5,5.6,9.5,9.5,10.9
ML_IR_152,Trapezoidal Asymmetric,Feather,4,43.1,46.3,10.8,12,24.54,18.62,5.92,7.7,11.2,10.9,11.2,6.3,7.2
ML_IR_153,Circular,Feather,4,41.6,38.7,9.9,11.3,17.39,14.4,2.99,4.7,9.8,4.6,8.5,6.1,6.7
ML_IR_154,Triangular,Feather,4,55.1,27.9,6.2,6.4,10.68,9.64,1.04,3.6,6.1,2.4,6.1,3.3,5.3
ML_IR_155,Trapezoidal Asymmetric,Feather,4,72.2,58.1,28.7,29,94.12,65.15,28.97,18.5,20.3,22.8,28.7,19.1,22.9
ML_IR_156,Triangular,Feather,4,48.5,34.8,9.9,19.7,20.3,15.92,4.38,8.4,13.2,8.1,8.8,6.1,6.6
ML_IR_157,Triangular,Feather,4,38.1,37.1,18,20.7,29.1,23.13,5.97,8.7,19.2,9.2,17.6,9,14.5
ML_IR_158,Triangular,Feather,4,52.4,35,11.5,18.9,22.69,16.94,5.75,7.7,14.2,6.9,11.3,4.9,7.4
ML_IR_159,Trapezoidal,Feather,4,56.7,32.5,11.5,15.5,27.1,22.92,4.18,5.6,13.8,6.9,10.3,7.8,8
ML_IR_160,Triangular,Feather,4,30.4,29,11.6,13.6,12.73,10.09,2.64,3.9,12.8,6.1,10.7,4.6,7.5
ML_IR_161,Triangular,Feather,4,46.3,43.3,8.7,12.9,17.49,14.09,3.4,9.1,11.7,3.2,8.7,8.1,9.7
ML_IR_162,Triangular Asymmetric,Feather,4,55.7,26.1,12.5,12.6,24.47,18.88,5.59,7.8,11.7,10.9,12.6,9,11.9
ML_IR_164,Triangular,Plunging,4,78,35.7,16.6,17,55.1,44.59,10.51,8.6,13.7,13.9,16.2,12,16.3
ML_IR_165,Triangular Asymmetric,Feather,4,97.8,31,25.6,29.4,94.45,73.02,21.43,14.4,27.2,14.7,27.2,17,21.7
ML_IR_211,Trapezoidal,Feather,0,74.6,62.8,16.1,17.7,79.1,79.1,0,0,17.7,0,15.8,0,12.4
ML_IR_212,Triangular,Feather,0,79,90.4,20.2,19.9,130.21,130.21,0,0,19.8,0,19.4,0,15.2
ML_IR_213,Triangular Asymmetric,Feather,0,106.7,58.4,16.6,22.8,103.85,103.85,0,0,15,0,15.4,0,22.8
ML_IR_214,Triangular Asymmetric,Feather,0,79.6,61.9,18.7,16.8,71.35,71.35,0,0,16.2,0,15.3,0,12
ML_IR_215,Triangular,Feather,0,58.1,77.5,25.3,26.1,98.61,98.61,0,0,20,0,24.9,0,14.5
ML_IR_216,Triangular Asymmetric,Feather,0,78.5,41.6,16,19.7,59.17,59.17,0,0,19.3,0,15.9,0,9.5
ML_IR_217,Triangular,Feather,0,74.7,56.8,19.4,20,79.89,79.89,0,0,15.1,0,16.9,0,17.9
ML_IR_218,Triangular,Feather,0,89.6,62.3,19.1,21.8,90.22,90.22,0,0,21.6,0,19.1,0,14.8
ML_IR_219,Triangular,Feather,0,77.2,52,22.3,22.2,71.62,71.62,0,0,20.7,0,21.6,0,7.4
ML_IR_220,Trapezoidal Asymmetric,Feather,0,71.9,63.6,13.2,17,55.36,55.36,0,0,16.5,0,12.5,0,6.3
ML_IR_221,Triangular Asymmetric,Feather,0,65.1,51.3,21.5,25.4,51.42,51.42,0,0,25.4,0,21.1,0,20.2
ML_IR_222,Triangular,Feather,0,82,42.6,18.1,18.5,61.6,61.6,0,0,17.3,0,18.2,0,12.5
ML_IR_223,Triangular,Feather,0,76.3,39.5,20.4,21.3,65.99,65.99,0,0,20.2,0,21.1,0,13.2
ML_IR_224,Triangular,Feather,0,68.1,46.3,18.5,21.2,50.72,50.72,0,0,19.9,0,16,0,9.4
ML_IR_225,Circular,Feather,0,58,54.4,16.6,20.7,47.45,47.45,0,0,20,0,17.7,0,10.6
ML_IR_166,Circular,Step,3,58.3,30.2,7.7,13.1,26.68,21.35,5.33,9.7,10.2,6.7,7.6,7.1,9.4
ML_IR_167,Triangular Asymmetric,Feather,3,44.2,30,17.3,18.7,19.68,15.5,4.18,8.9,16,11,18.7,6.1,14.8
ML_IR_168,Trapezoidal Asymmetric,Feather,3,24.8,34.7,9.6,9.7,11.26,9.14,2.12,7.2,9.2,5.7,9.6,3.2,9.1
ML_IR_169,Triangular,Feather,3,44.2,41.5,7.6,10,16.85,14.25,2.6,4.7,9.8,5.7,7.9,4.4,5.8
ML_IR_170,Triangular,Feather,3,51.4,57.2,18.9,19.4,71.73,56.73,15,10.2,17.4,16.3,18.8,16.8,18.1
ML_IR_171,Triangular,Feather,3,47.8,53.2,11.7,12.7,33.44,26.6,6.84,4.9,12,6,11.4,6,7.9
ML_IR_172,Circular,Feather,3,59,39.8,14.3,16.7,43.55,34.35,9.2,12.3,15.9,10,12.6,9.1,11
ML_IR_173,Triangular,Feather,3,50.8,38.6,10.8,11.3,28.82,22.69,6.13,9.5,11.7,9.3,11.1,10,11.3
ML_IR_174,Circular,Hinge,3,57.4,54.1,26,26.3,100.32,66.61,33.71,19,21.2,20,26.3,16.4,19.3
ML_IR_175,Triangular,Feather,3,41.5,47.6,14.8,21.3,33.31,28,5.31,8.8,21.1,7.4,16,5,11
ML_IR_177,Triangular,Hinge,3,54.5,45.4,17,20.5,43.1,32.65,10.45,10.8,16.9,13.6,16.3,12.6,14.1
ML_IR_179,Triangular,Hinge,3,54,21.1,9.6,12.1,20.78,16.14,4.64,8.2,11.2,6,9.7,7.9,9.9
ML_IR_181,Trapezoidal Asymmetric,Feather,5,80.7,32.6,12.7,13.4,42.78,34.91,7.87,10.8,13.1,6.8,12.1,6.7,9.2
ML_IR_182,Trapezoidal,Feather,5,76.3,37,12.1,13.2,44.82,32.45,12.37,11.1,12.8,8.6,9.5,6.2,7.5
ML_IR_185,Triangular Asymmetric,Feather,5,46,37.2,20,22.2,46.07,35.21,10.86,12.1,20.3,15.8,20,9.4,14.5
ML_IR_188,Circular,Feather,5,44.2,33.6,7,9.1,11.6,9.3,2.3,5.2,9.1,4.6,7.1,2.5,4.2
ML_IR_189,Triangular Asymmetric,Feather,5,40.8,26.5,12.3,12.6,13.96,10.75,3.21,6.3,8.4,4.1,11.7,7.4,10.2
ML_IR_192,Circular,Feather,5,24.4,38.8,11.2,11.2,14.36,11.39,2.97,4.1,10.7,5.7,10.9,4.4,9.4
ML_IR_193,Circular,Feather,5,23.1,31.7,9.6,9.6,11.36,8.45,2.91,4.8,7.9,6,9.3,5,9.1
ML_IR_01,Triangular,Feather,5,33.6,23.2,8.9,9.8,9.4,6.18,3.22,6.6,9.7,7.5,8.3,6.6,8.3
ML_IR_02,Triangular,Feather,5,42.8,25.7,9.7,16.1,13.28,9.96,3.32,7.2,12.1,5.1,8.7,5.6,6
ML_IR_03,Triangular Asymmetric,Feather,5,28.6,34.7,16.4,16.4,13.04,10.2,2.84,7.9,14.7,7.6,11.2,5.8,7.7
ML_IR_04,Triangular,Feather,5,29.4,31.7,10.9,11.2,14.4,8.63,5.77,5.6,7.2,10.3,11,8.9,10
ML_IR_05,Triangular,Feather,5,45.9,28.2,13.6,15.6,21.11,14.1,7.01,11.3,14.1,9.8,13.3,8.2,9.4
ML_IR_06,Triangular Asymmetric,Feather,5,45.8,30.5,11,11,17.08,11.73,5.35,9.2,10.4,9,10.8,6.8,8.9
ML_IR_07,Trapezoidal,Feather,5,41.3,23.8,9,11.5,15.75,10.65,5.1,8.3,10.3,8.1,9.6,6.3,7.5
ML_IR_08,Triangular,Hinge,5,51.3,18.8,15.2,17,25.49,14.61,10.88,13.2,17.7,14.3,16.1,11.1,13
ML_IR_09,Circular,Feather,5,38.2,19.9,6.1,7.9,8.78,5.08,3.7,6.1,7.1,4.1,5.6,3.1,4.6
ML_IR_11,Triangular,Feather,5,54.3,24.6,5.7,6.6,10.8,7.43,3.37,5.8,6.6,5,5.7,5.2,6.2
ML_IR_12,Triangular,Feather,5,44,19,8.9,13.5,13.47,8.74,4.73,9,11.7,6.2,8.8,4.7,6.5
ML_IR_13,Trapezoidal Asymmetric,Hinge,5,47.8,29,13.9,14.6,28.82,18.6,10.22,11.3,13.3,10.4,13.8,6.6,8.2
ML_IR_14,Trapezoidal,Feather,5,30.8,33.5,5.1,6.2,5.8,4.88,0.92,2,5.8,1.8,4.7,1.7,3.9
ML_IR_211,Trapezoidal,Feather,1,73.2,62.1,16.1,16.6,79.1,77.76,1.33999999999999,2.8,16.4,2.5,14.3,4.6,9.7
ML_IR_212,Triangular,Feather,1,79.3,90.5,19.9,20.4,130.21,128.28,1.93000000000001,4.9,19.4,7.9,16.6,5.6,17.5
ML_IR_213,Triangular Asymmetric,Feather,1,104.9,51.8,15.5,22.8,103.85,101.99,1.86,3.6,18.2,6.7,22.6,7.1,11.9
ML_IR_214,Triangular Asymmetric,Feather,1,79.6,55.6,16.9,16.9,71.35,69.66,1.69,6.2,14.6,3.7,12.7,3.3,10.5
ML_IR_215,Triangular,Feather,1,56.5,65.2,24.8,26,98.61,81.93,16.68,10.4,23.6,24.2,26.6,11.4,24.1
ML_IR_216,Triangular Asymmetric,Feather,1,80.3,43,15.2,19.8,59.17,58.48,0.690000000000005,3.8,18.6,4.5,14.8,3.8,9.5
ML_IR_217,Triangular,Feather,1,73.5,52.8,16.8,19.9,79.89,79,0.890000000000001,2.8,16.9,4.4,19.9,4.6,18
ML_IR_218,Triangular,Feather,1,89.5,52.8,18.5,21.8,90.22,89.07,1.15000000000001,2.6,21,5.7,21.9,5.5,20.2
ML_IR_219,Triangular,Feather,1,77.5,51.2,22.3,22.3,71.62,70.7,0.920000000000002,3.8,21.3,4.5,12.3,3,6.2
ML_IR_220,Trapezoidal Asymmetric,Feather,1,68.9,53.5,15,18.2,55.36,52.09,3.27,5.9,18.1,8.6,13.6,3.6,7
ML_IR_221,Triangular Asymmetric,Feather,1,65.2,35.8,20.7,24.3,51.42,47.23,4.19000000000001,2,22.9,8.3,24.3,4.4,20.1
ML_IR_222,Triangular,Feather,1,80,39.5,17.7,18.3,61.6,60,1.6,8.6,17.5,7.4,18.6,7.1,11.8
ML_IR_223,Triangular,Feather,1,75.7,38,20.6,21.5,65.99,61.05,4.94,13,21.5,11.3,20.9,8.4,12.1
ML_IR_225,Circular,Feather,1,60.5,43.4,17.4,21,47.45,45.49,1.96,6.1,16.9,3.9,12.4,5.7,8.4
ML_IR_136,Triangular Asymmetric,Feather,6,49.6,24.2,10.1,10.3,23.35,13.33,10.02,8.4,10.2,9.6,9.9,8.7,8.7
ML_IR_137,Triangular Asymmetric,Feather,6,82.6,51,26.1,26.1,110.35,77.22,33.13,19.2,19.6,22.8,24.1,10.4,12.2
ML_IR_139,Trapezoidal,Feather,6,64.4,36.2,11.5,11.9,33.64,24.03,9.61,12.6,12.9,10.4,11.2,6.5,13
ML_IR_142,Triangular Asymmetric,Feather,6,51,29.8,11.1,12.9,34.43,19.73,14.7,10,13.2,10.7,13.2,9.2,12.7
ML_IR_148,Triangular,Hinge,6,63.1,25.5,16.3,20.5,48.57,30.63,17.94,13.5,20.5,12.1,15.2,10.2,12.5
ML_IR_149,Triangular,Feather,6,37.4,29.2,14.4,16.1,21.67,12.87,8.8,11.6,15.6,9.5,13.9,9.3,10.8
ML_IR_211,Trapezoidal,Feather,2,72,56.2,16.7,17.4,79.1,73.04,6.05999999999999,7,17.4,8.9,14.2,10.8,13.3
ML_IR_212,Triangular,Feather,2,80.3,88.7,20.3,20.3,130.21,120.33,9.88000000000001,9.3,19.7,11.4,18.5,15.1,17.2
ML_IR_213,Triangular Asymmetric,Feather,2,105.6,44.4,16.3,22.9,103.85,97.81,6.03999999999999,11.1,15.6,14.5,20.4,6.9,11.1
ML_IR_214,Triangular Asymmetric,Feather,2,79.2,60.8,15.6,16.9,71.35,67.28,4.06999999999999,11.7,17.2,5.2,13.9,3.3,9.9
ML_IR_215,Triangular,Feather,2,57.2,52.5,24.5,24.5,98.61,66.67,31.94,11.5,21.8,24.6,25.5,15.2,18
ML_IR_216,Triangular Asymmetric,Feather,2,74.2,52.2,15.9,19.6,59.17,56.75,2.42,7.4,18.7,5.9,14,4.8,9.5
ML_IR_217,Triangular,Feather,2,72.2,50.9,16.3,20.1,79.89,74.98,4.91,11.1,15.1,11.3,18.3,12.7,19.1
ML_IR_218,Triangular,Feather,2,88.8,50,19.2,22,90.22,85.54,4.67999999999999,6.3,21.2,9.4,19.8,5.9,13.9
ML_IR_219,Triangular,Feather,2,76.2,47.1,22.2,22.2,71.62,66.95,4.67,7.7,21.8,7.5,17,6.8,9.3
ML_IR_220,Trapezoidal Asymmetric,Feather,2,68.2,63.9,17.1,19.5,55.36,49.59,5.77,9.1,19,11.4,14.2,7,8.1
ML_IR_221,Triangular Asymmetric,Feather,2,65.1,32.3,21.7,23.1,51.42,44.18,7.24,8.1,24.5,8.4,20.7,8.8,23
ML_IR_222,Triangular,Feather,2,77.1,37.8,17.9,18.3,61.6,56.39,5.21,14,17,8.6,17.7,12,15.5
ML_IR_223,Triangular,Feather,2,73,45,20.7,21.4,65.99,54.71,11.28,14.8,21.7,17.2,21.2,10.2,12.7
ML_IR_225,Circular,Feather,2,56.6,40,18.3,22,47.45,42.3,5.15000000000001,9.9,18.8,12.8,16.1,7,10.6
ML_IR_121,Triangular,Feather,3,26.8,31.8,14.9,14.9,17.67,9.71,7.96,9,10.9,13.2,14.8,9.6,9.6
ML_IR_124,Triangular,Feather,3,27,34.7,11.9,14.9,18.39,9.55,8.84,9.2,11.8,10.1,13,5.6,6.9
ML_IR_125,Circular,Feather,3,42.8,73.5,18.4,18.6,89.37,60.39,28.98,13.9,14.5,18,18.9,12.8,16.3
ML_IR_126,Triangular,Feather,3,95.4,61,30,31,166.83,98.85,67.98,16.2,18.5,29.9,30.6,14.6,20.6
ML_IR_129,Triangular,Feather,3,92.5,55.2,32.4,36.2,200.86,139.63,61.23,23.5,30.9,28.5,35,28.9,29
ML_IR_130,Triangular Asymmetric,Feather,3,63.2,53.4,21.5,25.8,101.18,76.37,24.81,17.2,24.3,16.6,22,13.1,22
ML_IR_131,Triangular Asymmetric,Feather,3,62.1,44.1,25.3,29,70.11,59.58,10.53,12.7,26.4,6.4,23.3,11.1,17.2
ML_IR_132,Triangular,Feather,3,54.6,25.2,21.5,22.2,46.32,34.91,11.41,12.8,20.6,14.5,22.2,15,18.4
ML_IR_133,Circular,Feather,3,56,67.6,28,28.5,141.45,99.57,41.88,19.4,23.1,14.6,28.3,7.8,18.7
ML_IR_134,Triangular Asymmetric,Feather,3,71.5,47.2,15.6,18.8,80.31,61.36,18.95,12,19.4,12,17.9,9,15.5
ML_IR_135,Trapezoidal,Feather,3,79,42.1,15.1,18.2,63.46,53.07,10.39,9.7,18.1,6.7,15.5,14.3,16
ML_IR_211,Trapezoidal,Feather,3,71.4,53.6,15.5,17.3,79.1,70,9.09999999999999,13,17.1,12.1,15.4,9.6,13.6
ML_IR_212,Triangular,Feather,3,79.5,86,20.3,20.5,130.21,117.07,13.14,13.2,19.4,13.1,18.3,15.8,17.3
ML_IR_213,Triangular Asymmetric,Feather,3,105.8,54.6,17,23.2,103.85,94.44,9.41,11.7,15.5,16.5,22.1,8.5,16
ML_IR_214,Triangular Asymmetric,Feather,3,77.3,55,16,17,71.35,65.32,6.03,7.2,15.8,9,13.7,3.7,12.4
ML_IR_215,Triangular,Feather,3,57.4,49.5,24.9,24.9,98.61,62.24,36.37,14.2,21.4,24.4,24.9,14,17.8
ML_IR_216,Triangular Asymmetric,Feather,3,79.3,54.5,15.1,19.7,59.17,54.33,4.84,10.9,20.1,6.6,14,5.5,9.6
ML_IR_217,Triangular,Feather,3,72.8,48.2,16.3,19.8,79.89,71.91,7.98,12.4,15.4,11.6,18.6,10,18.8
ML_IR_218,Triangular,Feather,3,88.5,44.3,18.8,22.2,90.22,82.04,8.17999999999999,9.5,21.7,8.9,20.8,7.7,13.3
ML_IR_219,Triangular,Feather,3,76.6,48.6,18.5,22.2,71.62,61.28,10.34,11.5,20.8,11.4,20.2,7,8.7
ML_IR_220,Trapezoidal Asymmetric,Feather,3,65.3,64,15.2,19.5,55.36,47.29,8.07,10,18.6,11.4,12.8,7.4,8.9
ML_IR_221,Triangular Asymmetric,Feather,3,65.9,28.1,20.8,25.8,51.42,40.82,10.6,10.4,23.7,10.5,25.8,11.2,21.2
ML_IR_222,Triangular,Feather,3,76.8,35.3,18.2,18.6,61.6,53.31,8.29,15.1,17.4,10.4,18.3,14.7,15.5
ML_IR_223,Triangular,Feather,3,72.6,43.2,20.5,21.4,65.99,47.6,18.39,15.2,21.8,18.1,21,10.6,13
ML_IR_225,Circular,Feather,3,56.6,37.2,18.5,21.4,47.45,38.56,8.89,14.8,20.4,14,15.8,9.3,11.7
ML_IR_226,Circular,Feather,0,85.7,70.3,16,20.6,107.2,107.2,0,0,20.5,0,16,0,7.2
ML_IR_227,Triangular,Feather,0,71.1,49.5,14.7,14.8,49.29,49.29,0,0,14.5,0,14.7,0,11.7
ML_IR_228,Circular,Feather,0,51.8,58.7,11.2,12,27.69,27.69,0,0,10.7,0,11.2,0,6.9
ML_IR_229,Triangular Asymmetric,Feather,0,56.3,53.4,18.4,20,44.02,44.02,0,0,20,0,18.4,0,11.3
ML_IR_230,Triangular,Feather,0,86.1,60.9,14.6,16.8,62.23,62.23,0,0,16.4,0,14.6,0,8
ML_IR_231,Triangular,Hinge,0,74.6,58.6,13.7,17.3,51.85,51.85,0,0,13.9,0,13.7,0,10.1
ML_IR_232,Triangular Asymmetric,Feather,0,68.5,48.3,9.9,10.3,22.66,22.66,0,0,9.7,0,9.9,0,5.7
ML_IR_233,Triangular,Hinge,0,56.5,54.4,14.3,14.4,37.87,37.87,0,0,13.3,0,14.3,0,13.9
ML_IR_234,Triangular,Feather,0,56.2,44.5,12.5,13.5,28.3,28.3,0,0,12.6,0,12.5,0,11.3
ML_IR_235,Triangular Asymmetric,Feather,0,86.4,51,14.2,14.6,34.68,34.68,0,0,14.6,0,14.5,0,5.3
ML_IR_236,Triangular,Feather,0,89.4,67.3,28.5,30.2,178.08,178.08,0,0,26.2,0,28.5,0,24.8
ML_IR_237,Triangular Asymmetric,Feather,0,94.6,64.6,26.3,27.7,121.2,121.2,0,0,19.1,0,26.3,0,20.3
ML_IR_238,Circular,Feather,0,72.7,66,14.9,23.2,85.79,85.79,0,0,23.6,0,14.9,0,11.3
ML_IR_239,Trapezoidal Asymmetric,Feather,0,69.4,53.1,21.4,24.1,71.51,71.51,0,0,23.7,0,21.4,0,16.2
ML_IR_240,Triangular,Feather,0,85.3,49.6,24,30.5,102.3,102.3,0,0,30.1,0,24,0,15.6
ML_IR_211,Trapezoidal,Feather,4,70.5,49.6,16,17.3,79.1,61.4,17.7,15.2,16.7,14.3,15,12.3,12.8
ML_IR_212,Triangular,Feather,4,79.5,69.5,20.2,20.7,130.21,101.34,28.87,17.9,19.8,18.3,20.3,15,16.9
ML_IR_214,Triangular Asymmetric,Feather,4,77.3,52.4,16,17,71.35,58.41,12.94,8.5,17,13.3,15.8,7.6,12.8
ML_IR_215,Triangular,Feather,4,54.7,50,23.2,24.3,98.61,51.52,47.09,18.3,20.7,22.5,23.5,19.3,20.3
ML_IR_217,Triangular,Feather,4,73.6,46.3,16.1,19.6,79.89,66.49,13.4,13.2,15.2,18,19.4,10.3,18.2
ML_IR_218,Triangular,Feather,4,86.6,38.6,18.9,22.4,90.22,72.44,17.78,15,21.8,9.3,18.3,12.2,15.8
ML_IR_219,Triangular,Feather,4,75.4,45.7,22.2,22.2,71.62,56.27,15.35,15.2,20,13.2,18,7.1,9.1
ML_IR_220,Trapezoidal Asymmetric,Feather,4,63.7,59.7,15.3,19.7,55.36,43.56,11.8,11.1,17.2,12.4,13.3,7.5,7.9
ML_IR_221,Triangular Asymmetric,Feather,4,56.1,22.1,20.1,25,51.42,36.83,14.59,12.1,24.4,13.4,23,13,22.3
ML_IR_222,Triangular,Feather,4,79,33.3,17.7,18,61.6,41.94,19.66,15.5,17.9,15.9,18.1,15,15
ML_IR_223,Triangular,Feather,4,68.5,45,18.4,21.4,65.99,38.6,27.39,19.6,20.7,18.1,18.1,14.7,16.1
ML_IR_225,Circular,Feather,4,55.6,32.6,18.5,21.8,47.45,32.4,15.05,8.8,20.1,16.7,16.9,9.3,10
ML_IR_121,Triangular,Feather,4,23,31.8,14.9,15,17.67,7.97,9.7,11,11,13.9,14.7,9.4,10
ML_IR_124,Triangular,Feather,4,24.4,35,13,14.7,18.39,8.6,9.79,9.2,10,9.9,11.9,7.4,8.3
ML_IR_125,Circular,Feather,4,37.2,70.3,17.6,18.2,89.37,49.64,39.73,14,15,17.8,18.1,15.2,15.5
ML_IR_126,Triangular,Feather,4,77.4,70,30.7,30.7,166.83,87.68,79.15,18.8,19.1,27.9,28.9,20.5,25.3
ML_IR_129,Triangular,Feather,4,92.1,54.8,32.4,35,200.86,119.57,81.29,24,30.2,29.2,34.4,24.5,27
ML_IR_130,Triangular Asymmetric,Feather,4,61,57.3,22,25.6,101.18,69.71,31.47,18,24,17.2,21.2,16.3,22.7
ML_IR_131,Triangular Asymmetric,Feather,4,61,48.5,26.6,30.6,70.11,56.48,13.63,15,23.3,9.3,23.4,10.6,17.8
ML_IR_132,Triangular,Feather,4,54.6,23.5,22,22,46.32,33.06,13.26,13.8,21.1,11.5,21.4,15.9,18.1
ML_IR_133,Circular,Feather,4,54.3,63.2,28.5,28.5,141.45,90.49,50.96,19.5,22.9,17.2,27.5,13.5,21.4
ML_IR_134,Triangular Asymmetric,Feather,4,70.7,48.5,17,18.8,80.31,56.68,23.63,14.9,18.2,13.6,15.9,10.4,15.6
ML_IR_166,Circular,Step,4,55.4,34.3,7.6,12,26.68,18.6,8.08,8.6,9.3,7.1,8.2,8.4,9.8
ML_IR_167,Triangular Asymmetric,Feather,4,44.4,24.2,18.1,18.7,19.68,14.32,5.36,8.6,15.3,12.6,18.7,9.1,14.7
ML_IR_168,Trapezoidal Asymmetric,Feather,4,21.9,35.1,9.6,9.7,11.26,8.25,3.01,7.6,8.7,9.1,9.5,5.7,8.9
ML_IR_169,Triangular,Feather,4,39.3,32.9,8.1,10.2,16.85,12.44,4.41,6.7,9.9,6.1,7.6,5.5,6.2
ML_IR_170,Triangular,Feather,4,42.8,57.4,20,20.2,71.73,47.57,24.16,15.8,18.4,14.6,19.2,15.2,15.6
ML_IR_171,Triangular,Feather,4,45.5,52.2,11.9,14.2,33.44,24.96,8.48,7.3,14.2,6,13.1,6.6,7.5
ML_IR_172,Circular,Feather,4,55,34.4,13.3,16.1,43.55,28.37,15.18,13.8,15.9,10.8,12.2,11.4,11.4
ML_IR_174,Circular,Hinge,4,54.5,55.7,25,25.3,100.32,59.82,40.5,22.9,25.1,16.1,25.3,16.7,16.8
ML_IR_175,Triangular,Feather,4,35.8,47.6,15.7,21.9,33.31,24.68,8.63,10.2,21.5,9.9,16.6,6.1,11.1
ML_IR_177,Triangular,Hinge,4,51.9,43.3,16.7,20.1,43.1,29.44,13.66,12.2,17.5,14.1,16.3,13.5,14.9
ML_IR_179,Triangular,Hinge,4,54.5,19.1,9.6,12.3,20.78,14.36,6.42,9,9.8,6.4,10.2,7.9,9.8
ML_IR_151,Trapezoidal,Feather,5,57.3,46.2,9.7,12.9,35.61,27.32,8.29,9.5,12.7,7.3,10,8.7,9.1
ML_IR_152,Trapezoidal Asymmetric,Feather,5,45.8,42.4,13.5,13.5,24.54,15.61,8.93,8.6,10.5,10.4,10.4,6.8,7.1
ML_IR_153,Circular,Feather,5,37.4,34.8,10.2,11.3,17.39,13.02,4.37,9.4,10.1,6.4,8.5,5.9,6.1
ML_IR_154,Triangular,Feather,5,54.4,29.5,6,6.4,10.68,9.2,1.48,3.2,5.7,3.1,5.9,3.9,5.5
ML_IR_157,Triangular,Feather,5,36.2,36.1,17.9,19.1,29.1,21.38,7.72,12.2,18.7,12.9,18.2,11.4,14.1
ML_IR_159,Trapezoidal,Feather,5,57.3,32.1,12.1,14.6,27.1,21.53,5.57,5.8,14.1,10.1,11.2,7.6,7.6
ML_IR_160,Triangular,Feather,5,31,28.2,11.3,13.4,12.73,8.98,3.75,6.6,12.3,7,10,5.3,8.3
ML_IR_162,Triangular Asymmetric,Feather,5,55.8,24.8,12.6,12.9,24.47,17.03,7.44,8.5,11.7,10.7,12.6,9.3,12.5
ML_IR_165,Triangular Asymmetric,Feather,5,97.3,24,26,29.3,94.45,69.86,24.59,15.8,26.7,15.2,26.9,18.2,21.6
ML_IR_137,Triangular Asymmetric,Feather,7,74.8,49.2,25.3,25.3,110.35,67.87,42.48,19,19.9,18,21.9,11.6,15.6
ML_IR_142,Triangular Asymmetric,Feather,7,53.5,25.1,11.2,13.1,34.43,18.18,16.25,11.5,13,11.6,12.6,10.2,12.8
ML_IR_148,Triangular,Hinge,7,52.5,40.4,16,19.5,48.57,27.38,21.19,15.2,19.5,12.5,15,10.1,11.6
ML_IR_149,Triangular,Hinge,7,36.9,30.7,14.5,16.3,21.67,12.01,9.66,11.6,15.8,11.6,14.4,10.8,10.8
ML_IR_01,Triangular,Feather,6,36.5,15.3,8.9,9.9,9.4,5.59,3.81,7.5,8.6,7.8,8.2,6.8,7.5
ML_IR_03,Triangular Asymmetric,Feather,6,27.7,30.3,16.2,16.2,13.04,9.42,3.62,8.7,14.4,6.4,10.7,5.5,8
ML_IR_04,Triangular,Feather,6,28.6,28,10.9,11,14.4,7.43,6.97,8.6,10,10.4,10.4,7.4,7.5
ML_IR_05,Triangular,Feather,6,44.6,27.7,14.5,14.5,21.11,11.55,9.56,12.7,14.4,12.6,13.5,7.9,7.9
ML_IR_06,Triangular Asymmetric,Feather,6,46.1,23,10.8,11,17.08,9.2,7.88,9,10.1,9.8,10.9,7.9,8.5
ML_IR_07,Trapezoidal,Feather,6,41.3,19.4,8.6,11.5,15.75,9.16,6.59,9.5,10.2,7.7,8.4,6.3,6.8
ML_IR_08,Triangular,Hinge,6,51.3,17.6,15.3,18.7,25.49,12.58,12.91,15.2,17.4,14.3,15.1,12.8,12.9
ML_IR_09,Circular,Feather,6,34.9,18.2,5.9,8.2,8.78,4.53,4.25,6,7,4.9,5.8,3.6,4.2
ML_IR_11,Triangular,Feather,6,54,21.8,5.6,6.6,10.8,6.86,3.94,5.3,6.6,4.8,5.6,4.3,5.8
ML_IR_12,Triangular,Feather,6,42.9,25.2,9.5,13.3,13.47,7.5,5.97,10.3,11.3,7.8,8.6,5.7,6.2
ML_IR_13,Trapezoidal Asymmetric,Hinge,6,52.1,23,14,14,28.82,15.35,13.47,12.6,13.7,10.9,13.2,8.6,8.5
ML_IR_14,Trapezoidal,Feather,6,32.6,30.1,5.4,6.2,5.8,4.5,1.3,3.7,6,2,5.1,2,3.4
ML_IR_181,Trapezoidal Asymmetric,Feather,6,79.6,29.5,12.8,13.4,42.78,32.16,10.62,9.8,13,8.1,12.8,8.2,9.3
ML_IR_182,Trapezoidal,Feather,6,76.1,39.5,12.1,12.8,44.82,30.51,14.31,11.1,12.5,8.8,10.3,4.5,5.6
ML_IR_185,Triangular Asymmetric,Feather,6,44.9,33.5,19.2,20.6,46.07,26.81,19.26,15.8,20.2,18.3,19.8,14.1,14.7
ML_IR_188,Circular,Feather,6,44.3,33.6,6.2,9.8,11.6,8.84,2.76,5.5,8.7,4.8,6.8,3.2,5.9
ML_IR_189,Triangular Asymmetric,Feather,6,39.8,25.2,11.7,12.7,13.96,9.5,4.46,7.2,9.6,5.7,12.2,8.7,10.4
ML_IR_192,Circular,Feather,6,24.1,38.1,11.3,11.3,14.36,10.75,3.61,6,9.5,5.8,10.7,5.2,11.2
ML_IR_193,Circular,Feather,6,22.9,29.9,9.1,9.4,11.36,7.46,3.9,6.9,7.7,7.8,9.4,5.9,8.9
ML_IR_226,Circular,Feather,1,86.6,73,15.7,20.7,107.2,106.65,0.549999999999997,1.6,14.4,4,9.1,2.7,9.6
ML_IR_227,Triangular,Feather,1,71.7,61,12.2,14.8,49.29,48.66,0.630000000000003,1.5,14.5,3.3,14.1,7.4,13.1
ML_IR_228,Circular,Feather,1,56.2,55,11.5,12,27.69,27.11,0.580000000000002,2.6,8.8,1.9,6.5,3.1,6.6
ML_IR_229,Triangular Asymmetric,Feather,1,55.5,56.2,18.2,21.4,44.02,43.17,0.850000000000001,7.9,18.8,7,17.2,5.4,14.9
ML_IR_230,Triangular,Feather,1,84.1,61.7,14.4,17,62.23,61.81,0.419999999999995,1,13.2,2,10.7,1.2,6
ML_IR_231,Triangular,Hinge,1,74.8,57.8,13.3,17.2,51.85,51.33,0.520000000000003,1.5,16.7,1.6,12.8,2.7,9.6
ML_IR_232,Triangular Asymmetric,Feather,1,70.5,46.1,9.4,10.2,22.66,22.42,0.239999999999998,1.9,5,0.9,4,1,4.2
ML_IR_233,Triangular,Hinge,1,56.5,42.5,14.5,14.9,37.87,37.34,0.529999999999994,2.3,14.3,2.4,14.6,2.7,14.1
ML_IR_234,Triangular,Feather,1,55.5,44.6,12.8,13.4,28.3,27.76,0.539999999999999,3,12.3,2.2,12.9,4.2,12.7
ML_IR_235,Triangular Asymmetric,Feather,1,83.4,50.3,14.7,14.8,34.68,34.13,0.549999999999997,1.6,9.5,3.4,5.3,3.9,4.6
ML_IR_236,Triangular,Feather,1,89.8,66.2,28.3,30.2,178.08,176.68,1.40000000000001,4.4,29.8,4,28.9,3,25.1
ML_IR_237,Triangular Asymmetric,Feather,1,93.5,65.6,26.6,27.2,121.2,120,1.2,7.3,15.5,6.8,26.3,3.6,27.2
ML_IR_238,Circular,Feather,1,72.4,54.8,18,23.2,85.79,82.68,3.11,2.5,22.1,6.6,16.4,5.3,9.9
ML_IR_239,Trapezoidal Asymmetric,Feather,1,67.8,55.1,21.9,24,71.51,70.22,1.29000000000001,3.4,23.6,7.1,20.1,5.8,14.6
ML_IR_240,Triangular,Feather,1,83.6,49.5,25.9,30,102.3,101.16,1.14,4.6,19.9,5.1,17.2,6.2,14.6
ML_IR_226,Circular,Feather,2,81.8,74,17,20.6,107.2,104.59,2.61,1.6,19.4,5,11.2,3.9,6.2
ML_IR_227,Triangular,Feather,2,70.3,62.4,14.4,14.8,49.29,47.49,1.8,5,14.8,5,13.3,6.2,12.4
ML_IR_228,Circular,Feather,2,53.8,58.4,10.3,12.1,27.69,26.4,1.29,4.6,12.1,3.3,7.9,2.8,5.8
ML_IR_230,Triangular,Feather,2,84.3,57.4,14.4,16.9,62.23,59.77,2.45999999999999,5.3,16.7,3.4,14.6,2.5,9.1
ML_IR_231,Triangular,Hinge,2,74.7,56.8,13.8,17.3,51.85,50.57,1.28,2.3,16.9,3.3,12.9,2.7,10.8
ML_IR_232,Triangular Asymmetric,Feather,2,69.6,42.2,4.7,10.5,22.66,22.06,0.600000000000001,2.1,9.5,1.9,9.5,1.1,3.6
ML_IR_233,Triangular,Hinge,2,56.6,43.7,14.5,14.6,37.87,35.87,2,7,13.6,3.9,14.6,5.2,14.2
ML_IR_234,Triangular,Feather,2,55.1,41.1,11.4,13.3,28.3,26.94,1.36,6.9,12.4,6.5,10.7,5.3,13.4
ML_IR_235,Triangular Asymmetric,Feather,2,83.4,44.2,15,16.8,34.68,33.38,1.3,6.2,15.8,2.4,11.5,3.4,4.7
ML_IR_236,Triangular,Feather,2,89.8,62.8,28.1,30.4,178.08,173.7,4.38000000000002,9.8,30,9,28.8,12.4,25.1
ML_IR_237,Triangular Asymmetric,Feather,2,93.4,55.8,25.8,27.5,121.2,116.93,4.27,8.3,17.8,8.9,25.3,5.4,18.6
ML_IR_238,Circular,Feather,2,73.3,52.2,18.9,23.5,85.79,78.13,7.66000000000001,15.4,22.1,8,14.6,7.7,11.8
ML_IR_239,Trapezoidal Asymmetric,Feather,2,68.3,52.5,21.8,24.3,71.51,68.61,2.90000000000001,7.5,23.8,9.3,22,7.2,16.7
ML_IR_240,Triangular,Feather,2,83.6,46.3,26,30,102.3,95.83,6.47,9,30,8.4,21.8,9.6,16
ML_IR_226,Circular,Feather,3,81.1,74.1,20.6,20.8,107.2,98.85,8.35000000000001,9.4,20.5,7.5,14.4,6.1,8.6
ML_IR_227,Triangular,Feather,3,71.7,44.3,14.6,14.8,49.29,43.69,5.6,8,14.8,8.2,12.5,5.4,11.3
ML_IR_228,Circular,Feather,3,52.2,47,11.4,12,27.69,24.1,3.59,5.2,9.4,4.5,8.5,4.7,6.5
ML_IR_230,Triangular,Feather,3,83.9,52.3,14.4,17,62.23,55.64,6.59,7.2,17,6.3,14.4,6.3,8.9
ML_IR_231,Triangular,Hinge,3,73.4,54.8,15.7,17.4,51.85,48.22,3.63,4.1,16.3,5.1,13.1,5.2,10.7
ML_IR_233,Triangular,Hinge,3,56.6,40.8,14.5,14.5,37.87,32.55,5.32,13.2,14.2,7.2,14.5,8.3,14.3
ML_IR_234,Triangular,Feather,3,50.8,38.2,10.8,12.5,28.3,23.46,4.84,12.1,13.1,8.4,10.3,10,12
ML_IR_236,Triangular,Feather,3,83,59.6,28.2,30.8,178.08,155.94,22.14,23.9,27,22.4,28.2,18.5,22.2
ML_IR_238,Circular,Feather,3,73.1,48.1,19.8,23,85.79,72.13,13.66,11.1,20.3,8.5,13.6,8.6,11.4
ML_IR_239,Trapezoidal Asymmetric,Feather,3,68.5,52.8,21.6,24.3,71.51,65.3,6.21000000000001,11.1,22.9,14.8,20.5,9.7,16.3
ML_IR_240,Triangular,Feather,3,84.7,45,25.2,30.2,102.3,83.77,18.53,24.5,30.2,12.6,19.8,13.5,14.8
ML_IR_211,Trapezoidal,Feather,5,66.3,44.3,15.8,15.8,79.1,50.97,28.13,15.1,15.8,13.6,14.5,11.9,12.3
ML_IR_212,Triangular,Feather,5,75.7,59.6,20.6,21,130.21,82.06,48.15,18.4,19.7,19.6,21.1,15.3,15.4
ML_IR_214,Triangular Asymmetric,Feather,5,72.6,52.1,15.8,17.9,71.35,52.43,18.92,8.5,17.9,14.9,17.7,11.1,13
ML_IR_215,Triangular,Feather,5,56.5,48.1,24,24,98.61,43.17,55.44,18.5,19.8,20.7,23.4,16,16
ML_IR_217,Triangular,Feather,5,70.2,48.5,16.8,17.9,79.89,50.82,29.07,14.1,15.2,15,17,14.2,17.8
ML_IR_218,Triangular,Feather,5,84,38,18.6,21.8,90.22,58.54,31.68,19.9,19.9,12.5,18.1,12.4,16
ML_IR_220,Trapezoidal Asymmetric,Feather,5,54.4,59.5,14,19.2,55.36,39.75,15.61,11.3,19,11.8,14,7,7.9
ML_IR_221,Triangular Asymmetric,Feather,5,62.4,21.8,21.2,23.6,51.42,32.37,19.05,12.5,23.6,13.2,21.1,11,21.7
ML_IR_222,Triangular,Feather,5,77.7,30.1,17.5,17.5,61.6,38.31,23.29,16.4,17.3,17,17,14.1,14.1
ML_IR_223,Triangular,Feather,5,72,39.3,18.4,19.9,65.99,32.03,33.96,19.7,19.7,14.4,18.1,15,15.1
ML_IR_151,Trapezoidal,Feather,6,54.7,46.2,9.7,12.6,35.61,25.56,10.05,10,13.9,8,9.8,9.2,10.2
ML_IR_152,Trapezoidal Asymmetric,Feather,6,41.8,42.9,11.5,11.5,24.54,14.62,9.92,8.8,11,7.5,10.9,6.4,6.4
ML_IR_153,Circular,Feather,6,36.3,32.7,9.6,11.4,17.39,11.98,5.41,10,10.4,6.9,8.3,4.4,4.9
ML_IR_154,Triangular,Feather,6,54,31,6.3,6.3,10.68,8.98,1.7,2.7,5.8,2.5,5.9,3.5,6.2
ML_IR_157,Triangular,Feather,6,37.3,35.2,17.9,19.4,29.1,18.41,10.69,15.1,19.5,14.3,18.1,12.4,12.4
ML_IR_160,Triangular,Feather,6,26.3,27.5,10.9,13.2,12.73,8.01,4.72,6.8,13.7,7.5,11.3,7,9.2
ML_IR_199,Triangular,Feather,6,68.1,37.3,15.4,17.9,83.17,43.26,39.91,17.2,18.3,15,15.3,13,16.1
ML_IR_200,Triangular Asymmetric,Feather,6,42.3,32.8,19.3,20.1,46.64,27.58,19.06,16.4,19.7,16.1,20.1,13,17.4
ML_IR_202,Triangular,Feather,6,53.4,29.4,12.1,12.9,31.69,17.55,14.14,11.9,12.2,11.9,11.9,8,8
ML_IR_203,Triangular,Plunging,6,82.4,35.7,15.8,17.4,88.65,53.75,34.9,16,16.1,15.8,17.2,14.3,17.5
ML_IR_204,Trapezoidal,Feather,6,72.2,38.6,18.6,19,95.66,60.29,35.37,17.5,19.7,15.5,18.6,15.1,18.6
ML_IR_205,Triangular,Feather,6,53.5,36.4,16,16,42.44,28.06,14.38,10.6,14.5,12.8,13.9,10.3,10.3
ML_IR_206,Triangular Asymmetric,Feather,6,47.5,39.4,24.3,24.4,50.93,34.22,16.71,11.7,19.6,16.4,24.3,10.8,18.2
ML_IR_208,Triangular Asymmetric,Feather,6,54.4,30.2,9.3,13.6,35.34,19.18,16.16,6,7.8,8.9,9.5,11.4,13.2
ML_IR_209,Triangular Asymmetric,Feather,6,39.9,48,21.6,21.8,78.7,40.74,37.96,17.8,21.4,18.4,20.6,15.3,18.5
ML_IR_226,Circular,Feather,4,80.7,62.3,20.6,20.8,107.2,93.33,13.87,11.6,20.5,9.8,13.9,6.2,8.3
ML_IR_227,Triangular,Feather,4,72,47.2,14.8,15,49.29,41.63,7.66,10.1,14.2,8.5,14,5.1,11.3
ML_IR_228,Circular,Feather,4,51.4,45.6,11.7,12,27.69,22.56,5.13,8.1,12,5.5,8.4,5,7
ML_IR_230,Triangular,Feather,4,80.6,50.8,14.4,16.6,62.23,51.93,10.3,11.9,17.2,6.4,15.2,6.6,9.1
ML_IR_231,Triangular,Hinge,4,72.6,55.1,13.7,17.4,51.85,45.72,6.13,5.5,16.1,6.4,13.1,5.4,11.3
ML_IR_233,Triangular,Hinge,4,56.1,38.4,14.5,14.6,37.87,31.05,6.82,12.9,13.6,10,14.8,8.3,14.1
ML_IR_234,Triangular,Feather,4,49.1,42.7,10.4,12.4,28.3,21.64,6.66,12.8,12.8,8.3,9.6,9.2,12.4
ML_IR_236,Triangular,Feather,4,80.9,61.4,28.9,30.2,178.08,151.2,26.88,17.5,26.7,25.9,29.1,19,19.1
ML_IR_238,Circular,Feather,4,72.8,49.8,18.9,24.4,85.79,68.05,17.74,16.4,23,10.2,17.1,10.1,12.1
ML_IR_239,Trapezoidal Asymmetric,Feather,4,67.7,46.7,21.9,24.2,71.51,59.21,12.3,17.8,23.5,17,21.9,11.1,15.5
ML_IR_240,Triangular,Feather,4,83.7,42,23.5,29.6,102.3,80.92,21.38,23.5,30.8,15.1,23.8,14.1,16.1
ML_IR_129,Triangular,Feather,5,89.2,48.6,33.1,34.8,200.86,105.33,95.53,23.7,28.6,30.5,34.4,22.7,22.7
ML_IR_130,Triangular Asymmetric,Feather,5,71,59.7,22.3,22.8,101.18,66.31,34.87,18,23,18,21.5,16.4,22.6
ML_IR_131,Triangular Asymmetric,Feather,5,61.2,44.9,24.1,29,70.11,51.5,18.61,17.2,24.4,12.6,25,12.3,18.8
ML_IR_133,Circular,Feather,5,55.2,59.2,28.4,28.6,141.45,75.26,66.19,14.3,21.5,22.5,28.1,22.1,22.1
ML_IR_134,Triangular Asymmetric,Feather,5,70,45.3,16,18.3,80.31,54.05,26.26,14.4,18.6,14.2,15.4,10.3,15.5
ML_IR_211,Trapezoidal,Feather,6,63.1,43.8,15.5,15.8,79.1,48.4,30.7,15.3,15.6,14.4,14.7,11.3,11.9
ML_IR_214,Triangular Asymmetric,Feather,6,73.6,49.4,15.8,16.6,71.35,48.35,23,13.3,16.3,14.8,15.5,11,12.7
ML_IR_215,Triangular,Feather,6,54.8,43.6,23.7,23.7,98.61,38.13,60.48,17.6,17.6,22.4,22.6,12.2,14.2
ML_IR_217,Triangular,Feather,6,69,42.7,16.2,17.3,79.89,44.62,35.27,14,15.3,15,15,15.3,15.8
ML_IR_218,Triangular,Feather,6,79,39.6,17.6,22,90.22,54.56,35.66,18.4,19.8,18.5,20.1,12.3,14.7
ML_IR_220,Trapezoidal Asymmetric,Feather,6,53,58.3,15.3,17.8,55.36,37.22,18.14,11.2,18.3,11.4,12.2,7.1,8.1
ML_IR_221,Triangular Asymmetric,Feather,6,54,24.7,21.8,23.8,51.42,29.72,21.7,15.3,24.1,15.1,22.3,15,23.6
ML_IR_223,Triangular,Feather,6,72.9,28.5,17.2,18.7,65.99,27.39,38.6,15.2,17.1,18.1,18.1,12,12.9
ML_IR_181,Trapezoidal Asymmetric,Feather,7,78.5,37.4,12.7,13.6,42.78,29.55,13.23,8,13.3,9.5,12.9,9.2,9.2
ML_IR_182,Trapezoidal,Feather,7,76.4,32.8,12.5,13.2,44.82,26.45,18.37,11.5,12.6,9,9.5,5.1,5.1
ML_IR_189,Triangular Asymmetric,Feather,7,39,32.5,12.3,12.3,13.96,8.41,5.55,7,9.6,5.8,11.1,9.7,11.4
ML_IR_192,Circular,Feather,7,22.7,33.5,11.1,11.1,14.36,9.34,5.02,4.4,10.2,8.3,11.2,7.6,10.7
ML_IR_193,Circular,Feather,7,21.1,30.8,9.5,9.5,11.36,6.45,4.91,5.8,9,8.3,9.4,7.7,8.9
ML_IR_137,Triangular Asymmetric,Feather,8,76.3,54.5,25.5,25.5,110.35,61.92,48.43,19.2,19.6,22,22.3,12,13.4
ML_IR_148,Triangular,Hinge,8,61.5,29.5,16,20.3,48.57,25.23,23.34,13.7,19.2,13.6,15.5,12.3,12.3
ML_IR_149,Triangular,Hinge,8,36.8,30.5,14.5,17.3,21.67,11.44,10.23,12.5,16.7,12,14.6,10.4,12.4
ML_IR_151,Trapezoidal,Feather,7,51,47.5,10.2,12.9,35.61,22.91,12.7,9.4,12.7,7.9,10.5,9.3,9.3
ML_IR_153,Circular,Feather,7,35.7,33,10,10.8,17.39,10.43,6.96,9.9,10.4,7.8,7.9,4.5,4.5
ML_IR_154,Triangular,Feather,7,53.4,28.6,6.3,6.3,10.68,8.36,2.32,4.4,5.8,2.8,6.4,4.5,5.9
ML_IR_157,Triangular,Feather,7,32.6,35.5,17.9,19.9,29.1,17.03,12.07,14.2,18.6,14,18.2,12.8,12.8
ML_IR_160,Triangular,Feather,7,24.5,27.2,11.5,13.6,12.73,7.46,5.27,7,13.4,7.6,12.4,7.4,9.4
ML_IR_03,Triangular Asymmetric,Feather,7,28.2,29.8,16.5,16.5,13.04,9.12,3.92,8,12.9,8.9,12.6,6.1,8.1
ML_IR_05,Triangular,Feather,7,42.4,27.5,14.5,14.6,21.11,10.23,10.88,13,14.6,12,14,6.5,6.5
ML_IR_09,Circular,Feather,7,34.7,18.3,5.9,8,8.78,4.32,4.46,6.2,6.7,4.5,5.3,3.5,3.9
ML_IR_13,Trapezoidal Asymmetric,Hinge,7,43.6,21,14.3,14.3,28.82,12.96,15.86,12.7,13.4,11.6,14.2,10.5,12.5
ML_IR_14,Trapezoidal,Feather,7,36.1,23.5,5.6,6.2,5.8,4.05,1.75,3.8,5.9,2.6,4.9,2.3,2.9
ML_IR_166,Circular,Step,5,58.7,29.5,7.7,12.6,26.68,17.42,9.26,9.1,9.2,7.1,7.7,8.1,9.2
ML_IR_168,Trapezoidal Asymmetric,Feather,5,21.4,34.9,9.6,10.3,11.26,7.73,3.53,7.7,8,8,9.3,5.4,8.9
ML_IR_169,Triangular,Feather,5,38.3,32.6,8.3,10.4,16.85,11.52,5.33,7.8,10,6.4,8.5,6.4,6.8
ML_IR_170,Triangular,Feather,5,38.9,57.1,18.9,20,71.73,41.8,29.93,14.1,16.2,19.3,19.7,13.7,13.7
ML_IR_171,Triangular,Feather,5,43.8,48.5,11.6,12.3,33.44,23.35,10.09,7.8,12.3,8.2,11.4,7,8.6
ML_IR_172,Circular,Feather,5,55.1,31.7,13.5,16,43.55,26.61,16.94,13.7,15.8,12.8,13.7,10.5,11
ML_IR_175,Triangular,Feather,5,36.2,42.6,16.8,21.4,33.31,21.88,11.43,12.7,19.7,10.5,14.6,7,10.5
ML_IR_177,Triangular,Hinge,5,47.7,39.5,16.5,19.4,43.1,26.05,17.05,13.7,16.9,12.3,16.4,12.6,14.1
ML_IR_181,Trapezoidal Asymmetric,Feather,8,74.1,27.1,12.7,13.1,42.78,25.47,17.31,10.8,13,10.3,12.7,7.3,7.3
ML_IR_182,Trapezoidal,Feather,8,61.7,30.3,12.1,13.1,44.82,22.47,22.35,12,12.7,10.5,10.7,8.8,8.9
ML_IR_199,Triangular,Feather,7,60.6,36.5,15,15.8,83.17,35.83,47.34,17.6,17.8,15.2,15.8,13.2,15.7
ML_IR_200,Triangular Asymmetric,Feather,7,44.9,29.6,19.3,19.9,46.64,23.6,23.04,16.5,19.3,17.8,19.4,14.2,17.1
ML_IR_204,Trapezoidal,Feather,7,71.9,34.5,19.5,20,95.66,52.25,43.41,18.1,19.4,15.6,18.5,14.8,18.2
ML_IR_205,Triangular,Feather,7,55.4,33.4,16.2,16.2,42.44,24.89,17.55,11.3,14.6,12.2,14.3,9.7,10.5
ML_IR_206,Triangular Asymmetric,Feather,7,45.2,35.5,24.4,24.4,50.93,27.99,22.94,14.2,18.9,20,24.2,13.9,20.8
ML_IR_208,Triangular Asymmetric,Feather,7,48.7,28.2,9.2,13.3,35.34,15.29,20.05,7,7.9,9.1,10,12.1,12.1
ML_IR_209,Triangular Asymmetric,Feather,7,41.3,47.5,21.6,21.7,78.7,33.54,45.16,20,21.5,18.2,22.2,17.5,18.1
ML_IR_131,Triangular Asymmetric,Feather,6,60,42.5,28.5,31.4,70.11,44.04,26.07,21.1,27.7,19.6,25.4,12.7,18.5
ML_IR_133,Circular,Feather,6,48.1,65.2,26.8,26.8,141.45,55.13,86.32,21.5,21.5,21.9,27,21.1,21.1
ML_IR_134,Triangular Asymmetric,Feather,6,70.3,49,16.6,18.5,80.31,48.17,32.14,15,18,14.5,15.6,11.2,15.8
ML_IR_168,Trapezoidal Asymmetric,Feather,6,20.7,34.9,9.6,9.8,11.26,7.2,4.06,7.5,8.6,8.9,9.4,7.2,8.9
ML_IR_170,Triangular,Feather,6,33.9,56.9,18.1,19.4,71.73,36.23,35.5,17.5,18.6,18.7,18.7,15,15
ML_IR_172,Circular,Feather,6,53.3,30,13.8,16.1,43.55,25.69,17.86,15.3,15.9,11.6,13.2,10.3,10.9
ML_IR_175,Triangular,Feather,6,45.4,39.6,17.2,21,33.31,19.18,14.13,14.3,20.9,12,15.1,9,10.4
ML_IR_211,Trapezoidal,Feather,7,53.3,43.2,14.7,14.9,79.1,34.31,44.79,14.6,15,13.6,13.9,11.2,11.9
ML_IR_214,Triangular Asymmetric,Feather,7,66.7,49.4,16.7,17,71.35,43.54,27.81,13.3,15.8,14,16,12.2,12.7
ML_IR_215,Triangular,Feather,7,48.7,49.5,22.8,23.4,98.61,32.81,65.8,16.6,16.6,23.6,23.6,18.5,18.6
ML_IR_217,Triangular,Feather,7,65.6,51.5,14.9,15.4,79.89,33.51,46.38,13.4,13.7,14.7,15.2,13.3,14.2
ML_IR_220,Trapezoidal Asymmetric,Feather,7,53.4,50.8,15.3,19.8,55.36,28.99,26.37,14.1,15.3,11,12.4,4.8,7
ML_IR_09,Circular,Feather,8,34.1,18.3,5.9,7,8.78,4.01,4.77,6.3,7.1,5.8,6.5,3.8,4.5
ML_IR_14,Trapezoidal,Feather,8,35.5,20.1,5.2,5.7,5.8,3.63,2.17,4.3,6.2,3.6,5.2,2.5,3.2
ML_IR_151,Trapezoidal,Feather,8,52.9,46.5,10.8,12.8,35.61,20.01,15.6,10.2,12.2,8.4,9.9,8.3,8.4
ML_IR_153,Circular,Feather,8,36.1,28.9,10,12,17.39,9.01,8.38,9.7,10.7,7.6,7.6,3,4.3
ML_IR_181,Trapezoidal Asymmetric,Feather,9,74.1,23.9,12.8,12.8,42.78,23.43,19.35,12.1,12.2,11.5,12.8,6.8,6.8
ML_IR_182,Trapezoidal,Feather,9,57.2,36.6,12.6,12.8,44.82,20.48,24.34,11.8,13,10.8,11.9,9,9
ML_IR_170,Triangular,Feather,7,36.7,49.3,17.4,19.1,71.73,28.2,43.53,16,16,18.8,18.8,14.8,15.5
ML_IR_172,Circular,Feather,7,53.3,29.5,13.7,16.3,43.55,22.39,21.16,15.4,15.7,13.5,13.5,10.5,10.5
ML_IR_205,Triangular,Feather,8,55.5,32.5,15.3,15.3,42.44,23.94,18.5,11.4,13.8,12.4,14.9,10.6,10.6
ML_IR_208,Triangular Asymmetric,Feather,8,48.6,27.6,8.5,10.9,35.34,11.57,23.77,8.1,8.1,8.3,8.3,10,10
ML_IR_209,Triangular Asymmetric,Feather,8,36,48.1,21.7,21.9,78.7,28.72,49.98,19.8,21,20,21.4,16.1,16.1
ML_IR_214,Triangular Asymmetric,Feather,8,62,49.7,16.6,16.7,71.35,37.54,33.81,13.4,16.3,15,16,12.4,13.2
ML_IR_217,Triangular,Feather,8,69.1,30.5,15.1,15.8,79.89,30.4,49.49,14.2,14.2,14.4,15.2,12.9,12.9
ML_IR_220,Trapezoidal Asymmetric,Feather,8,52.4,55,14.6,15.8,55.36,25.19,30.17,13.7,18.4,12.8,12.8,6.6,6.6
ML_IR_134,Triangular Asymmetric,Feather,7,69.7,42.7,15.8,19.1,80.31,44.74,35.57,15.8,18.8,14.5,16,11.7,15.2
ML_IR_151,Trapezoidal,Feather,9,55,47.1,10.1,13.6,35.61,18.52,17.09,10.7,12.1,8.5,9.8,9.2,9.2
ML_IR_153,Circular,Feather,9,33,31.5,10.7,11.2,17.39,8.6,8.79,9.2,9.2,7.3,7.3,3.3,3.3
ML_IR_226,Circular,Feather,5,76.8,60.1,21,21.1,107.2,87.88,19.32,14.8,20.3,12.2,15.8,7.4,10.2
ML_IR_227,Triangular,Feather,5,70.5,47,14.6,15.3,49.29,37.94,11.35,10.3,14.7,8.2,14.3,10.6,11.3
ML_IR_230,Triangular,Feather,5,73.3,45.5,14.7,17.1,62.23,43.71,18.52,13.9,17.4,11.3,16,9,10.6
ML_IR_231,Triangular,Hinge,5,68.3,48.3,13.7,17.3,51.85,42.74,9.11,9,13.4,7.7,13.2,7,10.7
ML_IR_233,Triangular,Hinge,5,56.3,34.8,14.2,14.5,37.87,27.07,10.8,13.5,13.8,13.9,14.2,13.9,13.9
ML_IR_238,Circular,Feather,5,71.5,41,17.7,23.3,85.79,62.32,23.47,21,23.1,13.5,18.2,11.6,12
ML_IR_239,Trapezoidal Asymmetric,Feather,5,68.1,47.8,21.9,25.1,71.51,52.46,19.05,22.7,24.3,22.2,23.3,16.7,16.7
ML_IR_240,Triangular,Feather,5,83.8,42.5,24.4,28.2,102.3,71.36,30.94,25.8,30,20.2,20.2,16.9,16.9
ML_IR_172,Circular,Feather,8,52.8,24.4,13.2,15,43.55,18.44,25.11,13.4,13.4,13.4,13.4,11.1,11.1
ML_IR_214,Triangular Asymmetric,Feather,9,67.8,48.5,16.4,16.7,71.35,34.71,36.64,14,16.3,15.3,15.8,12.5,13.1
ML_IR_220,Trapezoidal Asymmetric,Feather,9,53.5,45,15,15.8,55.36,23.47,31.89,14.7,15,11.1,12.6,5,6.4
ML_IR_226,Circular,Feather,6,75.4,49.6,20.6,21.1,107.2,70.27,36.93,20.8,21.5,20,20.8,12.4,13.2
ML_IR_227,Triangular,Feather,6,69.4,44,13.5,14.7,49.29,34.9,14.39,11.2,13.4,9.9,13.7,10.2,10.2
ML_IR_231,Triangular,Hinge,6,66.1,53.8,13.8,17.2,51.85,36.89,14.96,8.9,13.6,9,13.7,9.8,9.8
ML_IR_233,Triangular,Hinge,6,56.5,26.6,14.2,14.8,37.87,23.34,14.53,13.3,13.3,14.6,14.6,13.7,13.7
ML_IR_238,Circular,Feather,6,71.2,39.3,18.4,23,85.79,53.42,32.37,22.7,23.3,16.8,16.8,11.8,11.8
ML_IR_153,Circular,Feather,10,32.2,28.2,10.8,11.6,17.39,7.64,9.75,10.4,10.4,7.9,7.9,5.4,5.4
ML_IR_214,Triangular Asymmetric,Feather,10,58.9,45.5,16.3,16.6,71.35,24.2,47.15,14.8,16.4,15,16.6,11,11
ML_IR_226,Circular,Feather,7,74.4,46.7,18.1,18.4,107.2,58.26,48.94,17,17,17.9,17.9,11.5,11.5
ML_IR_227,Triangular,Feather,7,69.7,40.5,14,14.8,49.29,27.07,22.22,13.5,14.8,12.6,14.4,10.1,10.1
ML_IR_231,Triangular,Hinge,7,65.1,45.5,13.8,17.2,51.85,32.11,19.74,11.9,17.2,10.3,13.2,9.5,10.2
ML_IR_226,Circular,Feather,8,71.4,45.5,18.9,19,107.2,54.04,53.16,15.6,15.6,18.4,18.4,11.2,11.2
ML_IR_231,Triangular,Hinge,8,66.5,43.8,13.7,17.4,51.85,28.26,23.59,11.9,13.8,11.2,13.9,11.6,11.6
ML_IR_226,Circular,Feather,9,71.8,37.7,17.9,19.2,107.2,44.81,62.39,17.6,17.6,19,19,12.2,12.2
ML_IR_01,Triangular,Feather,0,41.8,28.6,8.8,9.5,9.4,9.4,0,0,8.8,0,8.3,0,7.2
ML_IR_02,Triangular,Feather,0,42.2,37.9,7.6,16.2,13.28,13.28,0,0,11.3,0,8.6,0,4.8
ML_IR_03,Triangular Asymmetric,Feather,0,38.3,39.3,16.9,16.5,13.04,13.04,0,0,13.7,0,11.2,0,7.9
ML_IR_04,Triangular,Feather,0,38.3,39.3,10.4,11,14.4,14.4,0,0,7.8,0,10.6,0,11.6
ML_IR_05,Triangular,Feather,0,53.9,41.1,12.7,14.4,21.11,21.11,0,0,13.3,0,11.7,0,8.6
ML_IR_06,Triangular Asymmetric,Feather,0,50.2,31,10.9,11.1,17.08,17.08,0,0,10,0,10.8,0,8.9
ML_IR_07,Trapezoidal,Feather,0,49,31,8,10.3,15.75,15.75,0,0,10.4,0,9,0,7.1
ML_IR_08,Triangular,Hinge,0,50.1,33.8,15.9,19.3,25.49,25.49,0,0,17.4,0,15.8,0,14.4
ML_IR_09,Circular,Feather,0,49.7,35.8,4.5,6.8,8.78,8.78,0,0,6.7,0,5.9,0,5.1
ML_IR_10,Trapezoidal Asymmetric,Feather,0,34.4,26,10.3,13.1,10.15,10.15,0,0,10.1,0,10.3,0,8.1
ML_IR_11,Triangular,Feather,0,53.3,27.4,5.5,6,10.8,10.8,0,0,6.7,0,5.8,0,5.8
ML_IR_12,Triangular,Feather,0,42.2,36.2,9.3,12.4,13.47,13.47,0,0,8.4,0,6.9,0,6.4
ML_IR_13,Trapezoidal Asymmetric,Hinge,0,60.3,41.5,12.9,15.7,28.82,28.82,0,0,15.2,0,12.7,0,7.4
ML_IR_14,Trapezoidal,Feather,0,36.2,38.1,4.9,7,5.8,5.8,0,0,5.5,0,5.3,0,3.9
ML_IR_15,Circular,Hinge,0,24.5,37.2,6.8,7.8,6.82,6.82,0,0,5.5,0,7.6,0,7.7
ML_IR_181,Trapezoidal Asymmetric,Feather,0,82.1,40.6,12.9,12.7,42.78,42.78,0,0,10.6,0,9.4,0,8.5
ML_IR_182,Trapezoidal,Feather,0,82.7,47.3,9.7,12.6,44.82,44.82,0,0,12.2,0,10.7,0,5.5
ML_IR_183,Circular,Feather,0,66.2,58.8,10.7,13.3,43.71,43.71,0,0,14.2,0,11.4,0,10
ML_IR_184,Circular,Feather,0,75.5,73,10.4,15.2,60.45,60.45,0,0,8.2,0,8.9,0,7.7
ML_IR_185,Triangular Asymmetric,Feather,0,55.6,51.9,19.9,22.7,46.07,46.07,0,0,20.3,0,16.5,0,9.8
ML_IR_186,Triangular,Feather,0,56.7,52.8,12.6,13,30.2,30.2,0,0,14.7,0,13,0,11.9
ML_IR_187,Triangular,Feather,0,93.9,39,7.9,9.5,32,32,0,0,7.9,0,9.2,0,5.9
ML_IR_188,Circular,Feather,0,45.7,40.7,6.3,10.8,11.66,11.66,0,0,9,0,7,0,4.2
ML_IR_189,Triangular Asymmetric,Feather,0,46.4,40,12.4,12.4,13.96,13.96,0,0,7.9,0,11.7,0,10.3
ML_IR_190,Trapezoidal,Feather,0,60.9,33.4,6.3,6.4,13.4,13.4,0,0,6.1,0,6.3,0,5
ML_IR_191,Trapezoidal,Feather,0,53.4,42.6,4.2,6.7,12.11,12.11,0,0,4.9,0,4.3,0,3.6
ML_IR_192,Circular,Feather,0,32.6,54.5,10.1,11.4,14.36,14.36,0,0,10.5,0,11,0,10.4
ML_IR_193,Circular,Feather,0,30.2,39.3,8.7,9.5,11.36,11.36,0,0,7.6,0,8.8,0,8.4
ML_IR_194,Triangular,Feather,0,50.1,41.8,7.6,8.9,12,12,0,0,8.7,0,6.2,0,5.7
ML_IR_195,Triangular,Feather,0,45.5,43,8.1,10.5,12.23,12.23,0,0,10.2,0,9.6,0,7.4
